Country Name,Country Code,Indicator Name,Indicator Code,2000,2001,2002,2003,2004,2005,2006,2007,2008,2009,2010,2011,2012,2013,2014,2015,2016,2017,2018,2019,2020,2021,2022,2023
Afghanistan,AFG,"Population, male",SP.POP.TOTL.MA.IN,1.0E+07,1.0E+07,1.1E+07,1.1E+07,1.2E+07,1.2E+07,1.3E+07,1.3E+07,1.3E+07,1.4E+07,1.4E+07,1.5E+07,1.5E+07,1.6E+07,1.7E+07,1.7E+07,1.8E+07,1.8E+07,1.9E+07,1.9E+07,2.0E+07,2.0E+07,2.0E+07,2.1E+07
Africa Eastern and Southern,AFE,"Population, male",SP.POP.TOTL.MA.IN,2.0E+08,2.0E+08,2.1E+08,2.2E+08,2.2E+08,2.3E+08,2.3E+08,2.4E+08,2.5E+08,2.5E+08,2.6E+08,2.7E+08,2.8E+08,2.8E+08,2.9E+08,3.0E+08,3.1E+08,3.2E+08,3.3E+08,3.3E+08,3.4E+08,3.5E+08,3.6E+08,3.7E+08
Africa Western and Central,AFW,"Population, male",SP.POP.TOTL.MA.IN,1.4E+08,1.4E+08,1.5E+08,1.5E+08,1.5E+08,1.6E+08,1.6E+08,1.7E+08,1.7E+08,1.8E+08,1.8E+08,1.9E+08,1.9E+08,2.0E+08,2.0E+08,2.1E+08,2.2E+08,2.2E+08,2.3E+08,2.3E+08,2.4E+08,2.4E+08,2.5E+08,2.6E+08
Albania,ALB,"Population, male",SP.POP.TOTL.MA.IN,1.5E+06,1.5E+06,1.5E+06,1.5E+06,1.5E+06,1.5E+06,1.5E+06,1.5E+06,1.5E+06,1.4E+06,1.4E+06,1.4E+06,1.4E+06,1.4E+06,1.4E+06,1.4E+06,1.4E+06,1.4E+06,1.4E+06,1.4E+06,1.4E+06,1.4E+06,1.4E+06,1.4E+06
Algeria,DZA,"Population, male",SP.POP.TOTL.MA.IN,1.6E+07,1.6E+07,1.6E+07,1.7E+07,1.7E+07,1.7E+07,1.7E+07,1.8E+07,1.8E+07,1.8E+07,1.9E+07,1.9E+07,1.9E+07,2.0E+07,2.0E+07,2.0E+07,2.1E+07,2.1E+07,2.2E+07,2.2E+07,2.2E+07,2.3E+07,2.3E+07,2.4E+07
American Samoa,ASM,"Population, male",SP.POP.TOTL.MA.IN,2.9E+04,2.9E+04,2.9E+04,2.9E+04,2.9E+04,2.9E+04,2.9E+04,2.9E+04,2.8E+04,2.8E+04,2.8E+04,2.8E+04,2.8E+04,2.7E+04,2.7E+04,2.7E+04,2.7E+04,2.6E+04,2.6E+04,2.5E+04,2.5E+04,2.5E+04,2.4E+04,2.4E+04
Andorra,AND,"Population, male",SP.POP.TOTL.MA.IN,3.4E+04,3.4E+04,3.4E+04,3.6E+04,3.9E+04,4.0E+04,4.2E+04,4.3E+04,4.4E+04,4.4E+04,4.2E+04,4.0E+04,3.9E+04,3.8E+04,3.7E+04,3.7E+04,3.7E+04,3.7E+04,3.8E+04,3.9E+04,3.9E+04,4.0E+04,4.1E+04,4.1E+04
Angola,AGO,"Population, male",SP.POP.TOTL.MA.IN,8.0E+06,8.2E+06,8.5E+06,8.8E+06,9.1E+06,9.5E+06,9.8E+06,1.0E+07,1.1E+07,1.1E+07,1.1E+07,1.2E+07,1.2E+07,1.3E+07,1.3E+07,1.4E+07,1.4E+07,1.5E+07,1.5E+07,1.6E+07,1.7E+07,1.7E+07,1.8E+07,1.8E+07
Antigua and Barbuda,ATG,"Population, male",SP.POP.TOTL.MA.IN,3.5E+04,3.6E+04,3.6E+04,3.7E+04,3.7E+04,3.8E+04,3.8E+04,3.9E+04,3.9E+04,4.0E+04,4.0E+04,4.1E+04,4.1E+04,4.2E+04,4.2E+04,4.2E+04,4.3E+04,4.3E+04,4.3E+04,4.3E+04,4.4E+04,4.4E+04,4.4E+04,4.4E+04
Arab World,ARB,"Population, male",SP.POP.TOTL.MA.IN,1.5E+08,1.5E+08,1.5E+08,1.6E+08,1.6E+08,1.7E+08,1.7E+08,1.7E+08,1.8E+08,1.8E+08,1.9E+08,1.9E+08,2.0E+08,2.0E+08,2.1E+08,2.1E+08,2.2E+08,2.2E+08,2.3E+08,2.3E+08,2.3E+08,2.4E+08,2.4E+08,2.5E+08
Argentina,ARG,"Population, male",SP.POP.TOTL.MA.IN,1.8E+07,1.9E+07,1.9E+07,1.9E+07,1.9E+07,1.9E+07,2.0E+07,2.0E+07,2.0E+07,2.0E+07,2.0E+07,2.1E+07,2.1E+07,2.1E+07,2.1E+07,2.2E+07,2.2E+07,2.2E+07,2.2E+07,2.2E+07,2.2E+07,2.2E+07,2.3E+07,2.3E+07
Armenia,ARM,"Population, male",SP.POP.TOTL.MA.IN,1.5E+06,1.5E+06,1.5E+06,1.5E+06,1.5E+06,1.5E+06,1.4E+06,1.4E+06,1.4E+06,1.4E+06,1.4E+06,1.4E+06,1.4E+06,1.4E+06,1.4E+06,1.4E+06,1.4E+06,1.4E+06,1.4E+06,1.4E+06,1.4E+06,1.4E+06,1.4E+06,1.4E+06
Aruba,ABW,"Population, male",SP.POP.TOTL.MA.IN,4.4E+04,4.4E+04,4.4E+04,4.5E+04,4.6E+04,4.7E+04,4.8E+04,4.8E+04,4.8E+04,4.8E+04,4.9E+04,4.9E+04,5.0E+04,5.0E+04,5.1E+04,5.1E+04,5.2E+04,5.1E+04,5.1E+04,5.2E+04,5.1E+04,5.1E+04,5.1E+04,5.1E+04
Australia,AUS,"Population, male",SP.POP.TOTL.MA.IN,9.4E+06,9.6E+06,9.7E+06,9.8E+06,9.9E+06,1.0E+07,1.0E+07,1.0E+07,1.1E+07,1.1E+07,1.1E+07,1.1E+07,1.1E+07,1.2E+07,1.2E+07,1.2E+07,1.2E+07,1.2E+07,1.2E+07,1.3E+07,1.3E+07,1.3E+07,1.3E+07,1.3E+07
Austria,AUT,"Population, male",SP.POP.TOTL.MA.IN,3.9E+06,3.9E+06,3.9E+06,3.9E+06,4.0E+06,4.0E+06,4.0E+06,4.0E+06,4.0E+06,4.1E+06,4.1E+06,4.1E+06,4.1E+06,4.1E+06,4.2E+06,4.2E+06,4.3E+06,4.3E+06,4.3E+06,4.4E+06,4.4E+06,4.4E+06,4.4E+06,4.5E+06
Azerbaijan,AZE,"Population, male",SP.POP.TOTL.MA.IN,3.8E+06,3.8E+06,3.9E+06,3.9E+06,3.9E+06,4.0E+06,4.0E+06,4.1E+06,4.2E+06,4.3E+06,4.4E+06,4.4E+06,4.5E+06,4.5E+06,4.6E+06,4.7E+06,4.7E+06,4.8E+06,4.9E+06,4.9E+06,4.9E+06,5.0E+06,5.0E+06,5.0E+06
"Bahamas, The",BHS,"Population, male",SP.POP.TOTL.MA.IN,1.6E+05,1.6E+05,1.6E+05,1.7E+05,1.7E+05,1.7E+05,1.7E+05,1.7E+05,1.7E+05,1.8E+05,1.8E+05,1.8E+05,1.8E+05,1.8E+05,1.8E+05,1.9E+05,1.9E+05,1.9E+05,1.9E+05,1.9E+05,1.9E+05,1.9E+05,1.9E+05,1.9E+05
Bahrain,BHR,"Population, male",SP.POP.TOTL.MA.IN,3.8E+05,3.9E+05,4.2E+05,4.6E+05,5.0E+05,5.4E+05,5.9E+05,6.4E+05,6.8E+05,7.3E+05,7.6E+05,7.4E+05,7.6E+05,7.8E+05,8.1E+05,8.5E+05,8.9E+05,9.5E+05,9.4E+05,9.3E+05,9.2E+05,9.3E+05,9.4E+05,9.8E+05
Bangladesh,BGD,"Population, male",SP.POP.TOTL.MA.IN,6.8E+07,7.0E+07,7.0E+07,7.1E+07,7.2E+07,7.3E+07,7.4E+07,7.4E+07,7.5E+07,7.5E+07,7.6E+07,7.6E+07,7.7E+07,7.7E+07,7.8E+07,7.9E+07,7.9E+07,8.0E+07,8.0E+07,8.1E+07,8.2E+07,8.3E+07,8.3E+07,8.4E+07
Barbados,BRB,"Population, male",SP.POP.TOTL.MA.IN,1.3E+05,1.3E+05,1.3E+05,1.3E+05,1.3E+05,1.3E+05,1.3E+05,1.3E+05,1.3E+05,1.3E+05,1.3E+05,1.3E+05,1.3E+05,1.3E+05,1.3E+05,1.3E+05,1.3E+05,1.3E+05,1.3E+05,1.3E+05,1.4E+05,1.4E+05,1.4E+05,1.4E+05
Belarus,BLR,"Population, male",SP.POP.TOTL.MA.IN,4.7E+06,4.6E+06,4.6E+06,4.6E+06,4.5E+06,4.5E+06,4.5E+06,4.4E+06,4.4E+06,4.4E+06,4.4E+06,4.4E+06,4.4E+06,4.4E+06,4.4E+06,4.4E+06,4.4E+06,4.4E+06,4.4E+06,4.4E+06,4.4E+06,4.3E+06,4.3E+06,4.3E+06
Belgium,BEL,"Population, male",SP.POP.TOTL.MA.IN,5.0E+06,5.0E+06,5.1E+06,5.1E+06,5.1E+06,5.1E+06,5.2E+06,5.2E+06,5.2E+06,5.3E+06,5.3E+06,5.4E+06,5.5E+06,5.5E+06,5.5E+06,5.5E+06,5.6E+06,5.6E+06,5.6E+06,5.7E+06,5.7E+06,5.7E+06,5.8E+06,5.8E+06
Belize,BLZ,"Population, male",SP.POP.TOTL.MA.IN,1.2E+05,1.3E+05,1.3E+05,1.3E+05,1.4E+05,1.4E+05,1.4E+05,1.5E+05,1.5E+05,1.6E+05,1.6E+05,1.6E+05,1.7E+05,1.7E+05,1.8E+05,1.8E+05,1.8E+05,1.9E+05,1.9E+05,1.9E+05,2.0E+05,2.0E+05,2.0E+05,2.1E+05
Benin,BEN,"Population, male",SP.POP.TOTL.MA.IN,3.6E+06,3.7E+06,3.8E+06,3.9E+06,4.0E+06,4.2E+06,4.3E+06,4.4E+06,4.6E+06,4.7E+06,4.9E+06,5.0E+06,5.2E+06,5.3E+06,5.5E+06,5.7E+06,5.8E+06,6.0E+06,6.2E+06,6.4E+06,6.5E+06,6.7E+06,6.9E+06,7.1E+06
Bermuda,BMU,"Population, male",SP.POP.TOTL.MA.IN,3.1E+04,3.1E+04,3.1E+04,3.1E+04,3.1E+04,3.1E+04,3.1E+04,3.1E+04,3.1E+04,3.2E+04,3.2E+04,3.2E+04,3.2E+04,3.2E+04,3.2E+04,3.1E+04,3.1E+04,3.1E+04,3.2E+04,3.2E+04,3.2E+04,3.2E+04,3.2E+04,3.2E+04
Bhutan,BTN,"Population, male",SP.POP.TOTL.MA.IN,3.1E+05,3.2E+05,3.3E+05,3.4E+05,3.5E+05,3.6E+05,3.6E+05,3.7E+05,3.7E+05,3.7E+05,3.8E+05,3.8E+05,3.9E+05,3.9E+05,3.9E+05,4.0E+05,4.0E+05,4.1E+05,4.1E+05,4.1E+05,4.1E+05,4.2E+05,4.2E+05,4.2E+05
Bolivia,BOL,"Population, male",SP.POP.TOTL.MA.IN,4.3E+06,4.4E+06,4.5E+06,4.6E+06,4.7E+06,4.7E+06,4.8E+06,4.9E+06,5.0E+06,5.1E+06,5.1E+06,5.2E+06,5.3E+06,5.4E+06,5.5E+06,5.6E+06,5.6E+06,5.7E+06,5.8E+06,5.9E+06,5.9E+06,6.0E+06,6.1E+06,6.1E+06
Bosnia and Herzegovina,BIH,"Population, male",SP.POP.TOTL.MA.IN,2.0E+06,2.0E+06,2.0E+06,2.0E+06,2.0E+06,2.0E+06,1.9E+06,1.9E+06,1.9E+06,1.8E+06,1.8E+06,1.8E+06,1.7E+06,1.7E+06,1.7E+06,1.7E+06,1.7E+06,1.6E+06,1.6E+06,1.6E+06,1.6E+06,1.5E+06,1.5E+06,1.5E+06
Botswana,BWA,"Population, male",SP.POP.TOTL.MA.IN,8.2E+05,8.4E+05,8.6E+05,8.7E+05,8.9E+05,9.1E+05,9.2E+05,9.4E+05,9.6E+05,9.8E+05,1.0E+06,1.0E+06,1.0E+06,1.1E+06,1.1E+06,1.1E+06,1.1E+06,1.1E+06,1.1E+06,1.2E+06,1.2E+06,1.2E+06,1.2E+06,1.2E+06
Brazil,BRA,"Population, male",SP.POP.TOTL.MA.IN,8.6E+07,8.8E+07,8.9E+07,9.0E+07,9.1E+07,9.2E+07,9.3E+07,9.3E+07,9.4E+07,9.5E+07,9.6E+07,9.7E+07,9.7E+07,9.8E+07,9.9E+07,1.0E+08,1.0E+08,1.0E+08,1.0E+08,1.0E+08,1.0E+08,1.0E+08,1.0E+08,1.0E+08
British Virgin Islands,VGB,"Population, male",SP.POP.TOTL.MA.IN,1.0E+04,1.1E+04,1.1E+04,1.1E+04,1.1E+04,1.2E+04,1.2E+04,1.3E+04,1.3E+04,1.3E+04,1.4E+04,1.4E+04,1.5E+04,1.5E+04,1.6E+04,1.6E+04,1.6E+04,1.6E+04,1.6E+04,1.7E+04,1.7E+04,1.8E+04,1.8E+04,1.8E+04
Brunei Darussalam,BRN,"Population, male",SP.POP.TOTL.MA.IN,1.8E+05,1.8E+05,1.8E+05,1.9E+05,1.9E+05,1.9E+05,2.0E+05,2.0E+05,2.0E+05,2.0E+05,2.1E+05,2.1E+05,2.1E+05,2.2E+05,2.2E+05,2.2E+05,2.3E+05,2.3E+05,2.3E+05,2.4E+05,2.4E+05,2.4E+05,2.4E+05,2.4E+05
Bulgaria,BGR,"Population, male",SP.POP.TOTL.MA.IN,4.0E+06,3.9E+06,3.8E+06,3.8E+06,3.8E+06,3.7E+06,3.7E+06,3.7E+06,3.6E+06,3.6E+06,3.6E+06,3.6E+06,3.6E+06,3.5E+06,3.5E+06,3.5E+06,3.5E+06,3.4E+06,3.4E+06,3.4E+06,3.4E+06,3.3E+06,3.2E+06,3.1E+06
Burkina Faso,BFA,"Population, male",SP.POP.TOTL.MA.IN,5.9E+06,6.1E+06,6.3E+06,6.5E+06,6.7E+06,6.9E+06,7.1E+06,7.4E+06,7.6E+06,7.8E+06,8.0E+06,8.3E+06,8.5E+06,8.8E+06,9.1E+06,9.3E+06,9.6E+06,9.9E+06,1.0E+07,1.0E+07,1.1E+07,1.1E+07,1.1E+07,1.1E+07
Burundi,BDI,"Population, male",SP.POP.TOTL.MA.IN,3.2E+06,3.3E+06,3.4E+06,3.5E+06,3.6E+06,3.7E+06,3.9E+06,4.0E+06,4.2E+06,4.4E+06,4.6E+06,4.8E+06,5.0E+06,5.2E+06,5.4E+06,5.5E+06,5.6E+06,5.7E+06,5.9E+06,6.1E+06,6.3E+06,6.4E+06,6.6E+06,6.8E+06
Cabo Verde,CPV,"Population, male",SP.POP.TOTL.MA.IN,2.2E+05,2.3E+05,2.3E+05,2.3E+05,2.4E+05,2.4E+05,2.4E+05,2.5E+05,2.5E+05,2.5E+05,2.6E+05,2.6E+05,2.6E+05,2.6E+05,2.6E+05,2.6E+05,2.6E+05,2.6E+05,2.6E+05,2.6E+05,2.6E+05,2.6E+05,2.6E+05,2.7E+05
Cambodia,KHM,"Population, male",SP.POP.TOTL.MA.IN,6.0E+06,6.1E+06,6.2E+06,6.3E+06,6.4E+06,6.5E+06,6.6E+06,6.7E+06,6.8E+06,7.0E+06,7.1E+06,7.2E+06,7.3E+06,7.4E+06,7.5E+06,7.6E+06,7.7E+06,7.9E+06,8.0E+06,8.1E+06,8.2E+06,8.3E+06,8.4E+06,8.5E+06
Cameroon,CMR,"Population, male",SP.POP.TOTL.MA.IN,7.4E+06,7.6E+06,7.8E+06,8.0E+06,8.3E+06,8.5E+06,8.7E+06,9.0E+06,9.2E+06,9.5E+06,9.8E+06,1.0E+07,1.0E+07,1.1E+07,1.1E+07,1.1E+07,1.2E+07,1.2E+07,1.2E+07,1.3E+07,1.3E+07,1.3E+07,1.4E+07,1.4E+07
Canada,CAN,"Population, male",SP.POP.TOTL.MA.IN,1.5E+07,1.5E+07,1.6E+07,1.6E+07,1.6E+07,1.6E+07,1.6E+07,1.6E+07,1.6E+07,1.7E+07,1.7E+07,1.7E+07,1.7E+07,1.7E+07,1.8E+07,1.8E+07,1.8E+07,1.8E+07,1.8E+07,1.9E+07,1.9E+07,1.9E+07,1.9E+07,2.0E+07
Caribbean small states,CSS,"Population, male",SP.POP.TOTL.MA.IN,1.3E+06,1.3E+06,1.3E+06,1.4E+06,1.4E+06,1.4E+06,1.4E+06,1.4E+06,1.4E+06,1.4E+06,1.4E+06,1.4E+06,1.4E+06,1.4E+06,1.5E+06,1.5E+06,1.5E+06,1.5E+06,1.5E+06,1.5E+06,1.5E+06,1.5E+06,1.5E+06,1.5E+06
Cayman Islands,CYM,"Population, male",SP.POP.TOTL.MA.IN,1.9E+04,2.0E+04,2.1E+04,2.2E+04,2.2E+04,2.3E+04,2.4E+04,2.4E+04,2.5E+04,2.6E+04,2.7E+04,2.7E+04,2.8E+04,2.9E+04,3.0E+04,3.1E+04,3.2E+04,3.2E+04,3.3E+04,3.4E+04,3.5E+04,3.5E+04,3.6E+04,3.7E+04
Central African Republic,CAF,"Population, male",SP.POP.TOTL.MA.IN,1.9E+06,2.0E+06,2.0E+06,2.1E+06,2.1E+06,2.2E+06,2.2E+06,2.2E+06,2.3E+06,2.3E+06,2.2E+06,2.2E+06,2.3E+06,2.3E+06,2.3E+06,2.3E+06,2.3E+06,2.3E+06,2.4E+06,2.4E+06,2.4E+06,2.5E+06,2.5E+06,2.5E+06
Central Europe and the Baltics,CEB,"Population, male",SP.POP.TOTL.MA.IN,5.2E+07,5.2E+07,5.2E+07,5.1E+07,5.1E+07,5.1E+07,5.1E+07,5.1E+07,5.1E+07,5.0E+07,5.0E+07,5.0E+07,5.0E+07,5.0E+07,5.0E+07,5.0E+07,5.0E+07,5.0E+07,5.0E+07,5.0E+07,4.9E+07,4.9E+07,4.9E+07,4.9E+07
Chad,TCD,"Population, male",SP.POP.TOTL.MA.IN,4.2E+06,4.4E+06,4.5E+06,4.7E+06,4.9E+06,5.1E+06,5.3E+06,5.5E+06,5.7E+06,5.9E+06,6.2E+06,6.4E+06,6.6E+06,6.9E+06,7.1E+06,7.3E+06,7.6E+06,7.8E+06,8.1E+06,8.4E+06,8.6E+06,8.9E+06,9.3E+06,9.7E+06
Channel Islands,CHI,"Population, male",SP.POP.TOTL.MA.IN,7.2E+04,7.2E+04,7.3E+04,7.3E+04,7.4E+04,7.5E+04,7.5E+04,7.6E+04,7.7E+04,7.7E+04,7.8E+04,7.9E+04,7.9E+04,8.0E+04,8.0E+04,8.1E+04,8.1E+04,8.1E+04,8.2E+04,8.2E+04,8.2E+04,8.2E+04,8.3E+04,8.3E+04
Chile,CHL,"Population, male",SP.POP.TOTL.MA.IN,7.7E+06,7.8E+06,7.9E+06,8.0E+06,8.1E+06,8.1E+06,8.2E+06,8.3E+06,8.4E+06,8.5E+06,8.5E+06,8.6E+06,8.7E+06,8.8E+06,8.9E+06,9.0E+06,9.1E+06,9.2E+06,9.4E+06,9.5E+06,9.6E+06,9.7E+06,9.7E+06,9.8E+06
China,CHN,"Population, male",SP.POP.TOTL.MA.IN,6.4E+08,6.5E+08,6.5E+08,6.6E+08,6.6E+08,6.7E+08,6.7E+08,6.7E+08,6.8E+08,6.8E+08,6.8E+08,6.9E+08,6.9E+08,7.0E+08,7.0E+08,7.1E+08,7.1E+08,7.1E+08,7.2E+08,7.2E+08,7.2E+08,7.2E+08,7.2E+08,7.2E+08
Colombia,COL,"Population, male",SP.POP.TOTL.MA.IN,1.9E+07,2.0E+07,2.0E+07,2.0E+07,2.1E+07,2.1E+07,2.1E+07,2.1E+07,2.2E+07,2.2E+07,2.2E+07,2.2E+07,2.3E+07,2.3E+07,2.3E+07,2.3E+07,2.3E+07,2.4E+07,2.4E+07,2.5E+07,2.5E+07,2.5E+07,2.6E+07,2.6E+07
Comoros,COM,"Population, male",SP.POP.TOTL.MA.IN,2.6E+05,2.7E+05,2.8E+05,2.8E+05,2.9E+05,2.9E+05,3.0E+05,3.1E+05,3.1E+05,3.2E+05,3.3E+05,3.3E+05,3.4E+05,3.5E+05,3.6E+05,3.6E+05,3.7E+05,3.8E+05,3.9E+05,4.0E+05,4.0E+05,4.1E+05,4.2E+05,4.3E+05
"Congo, Dem. Rep.",COD,"Population, male",SP.POP.TOTL.MA.IN,2.5E+07,2.6E+07,2.7E+07,2.7E+07,2.8E+07,2.9E+07,3.0E+07,3.1E+07,3.2E+07,3.3E+07,3.4E+07,3.5E+07,3.6E+07,3.8E+07,3.9E+07,4.0E+07,4.2E+07,4.3E+07,4.5E+07,4.6E+07,4.8E+07,4.9E+07,5.1E+07,5.2E+07
"Congo, Rep.",COG,"Population, male",SP.POP.TOTL.MA.IN,1.6E+06,1.6E+06,1.7E+06,1.7E+06,1.8E+06,1.8E+06,1.9E+06,2.0E+06,2.1E+06,2.1E+06,2.2E+06,2.3E+06,2.4E+06,2.4E+06,2.5E+06,2.5E+06,2.6E+06,2.7E+06,2.7E+06,2.8E+06,2.9E+06,2.9E+06,3.0E+06,3.1E+06
Costa Rica,CRI,"Population, male",SP.POP.TOTL.MA.IN,2.0E+06,2.0E+06,2.0E+06,2.1E+06,2.1E+06,2.1E+06,2.1E+06,2.2E+06,2.2E+06,2.2E+06,2.3E+06,2.3E+06,2.3E+06,2.3E+06,2.4E+06,2.4E+06,2.4E+06,2.4E+06,2.5E+06,2.5E+06,2.5E+06,2.5E+06,2.5E+06,2.5E+06
Cote d'Ivoire,CIV,"Population, male",SP.POP.TOTL.MA.IN,8.9E+06,9.1E+06,9.4E+06,9.6E+06,9.8E+06,1.0E+07,1.0E+07,1.1E+07,1.1E+07,1.1E+07,1.1E+07,1.2E+07,1.2E+07,1.2E+07,1.3E+07,1.3E+07,1.3E+07,1.4E+07,1.4E+07,1.4E+07,1.5E+07,1.5E+07,1.5E+07,1.6E+07
Croatia,HRV,"Population, male",SP.POP.TOTL.MA.IN,2.1E+06,2.1E+06,2.1E+06,2.1E+06,2.1E+06,2.1E+06,2.1E+06,2.1E+06,2.1E+06,2.1E+06,2.1E+06,2.1E+06,2.1E+06,2.0E+06,2.0E+06,2.0E+06,2.0E+06,1.9E+06,1.9E+06,1.9E+06,1.9E+06,1.9E+06,1.9E+06,1.9E+06
Cuba,CUB,"Population, male",SP.POP.TOTL.MA.IN,5.6E+06,5.6E+06,5.6E+06,5.6E+06,5.6E+06,5.6E+06,5.6E+06,5.6E+06,5.6E+06,5.6E+06,5.6E+06,5.6E+06,5.6E+06,5.6E+06,5.6E+06,5.6E+06,5.6E+06,5.6E+06,5.6E+06,5.5E+06,5.5E+06,5.5E+06,5.5E+06,5.4E+06
Curacao,CUW,"Population, male",SP.POP.TOTL.MA.IN,6.2E+04,6.0E+04,6.0E+04,6.1E+04,6.2E+04,6.3E+04,6.5E+04,6.6E+04,6.7E+04,6.7E+04,6.8E+04,6.9E+04,6.9E+04,7.0E+04,7.1E+04,7.2E+04,7.3E+04,7.3E+04,7.5E+04,7.6E+04,7.4E+04,7.2E+04,7.1E+04,7.0E+04
Cyprus,CYP,"Population, male",SP.POP.TOTL.MA.IN,4.8E+05,4.9E+05,5.0E+05,5.1E+05,5.2E+05,5.3E+05,5.3E+05,5.4E+05,5.5E+05,5.6E+05,5.7E+05,5.8E+05,5.9E+05,6.0E+05,6.1E+05,6.2E+05,6.2E+05,6.3E+05,6.4E+05,6.5E+05,6.6E+05,6.6E+05,6.7E+05,6.8E+05
Czechia,CZE,"Population, male",SP.POP.TOTL.MA.IN,5.0E+06,5.0E+06,5.0E+06,5.0E+06,5.0E+06,5.0E+06,5.0E+06,5.0E+06,5.1E+06,5.1E+06,5.1E+06,5.2E+06,5.2E+06,5.2E+06,5.2E+06,5.2E+06,5.2E+06,5.2E+06,5.2E+06,5.3E+06,5.3E+06,5.2E+06,5.3E+06,5.4E+06
Denmark,DNK,"Population, male",SP.POP.TOTL.MA.IN,2.6E+06,2.6E+06,2.7E+06,2.7E+06,2.7E+06,2.7E+06,2.7E+06,2.7E+06,2.7E+06,2.7E+06,2.7E+06,2.8E+06,2.8E+06,2.8E+06,2.8E+06,2.8E+06,2.8E+06,2.9E+06,2.9E+06,2.9E+06,2.9E+06,2.9E+06,2.9E+06,3.0E+06
Djibouti,DJI,"Population, male",SP.POP.TOTL.MA.IN,3.7E+05,3.8E+05,4.0E+05,4.0E+05,4.1E+05,4.2E+05,4.3E+05,4.3E+05,4.4E+05,4.5E+05,4.6E+05,4.7E+05,4.8E+05,4.9E+05,5.0E+05,5.1E+05,5.2E+05,5.2E+05,5.3E+05,5.4E+05,5.5E+05,5.6E+05,5.6E+05,5.7E+05
Dominica,DMA,"Population, male",SP.POP.TOTL.MA.IN,3.4E+04,3.4E+04,3.4E+04,3.4E+04,3.4E+04,3.4E+04,3.4E+04,3.4E+04,3.4E+04,3.4E+04,3.4E+04,3.5E+04,3.5E+04,3.5E+04,3.5E+04,3.5E+04,3.5E+04,3.4E+04,3.4E+04,3.4E+04,3.4E+04,3.4E+04,3.3E+04,3.3E+04
Dominican Republic,DOM,"Population, male",SP.POP.TOTL.MA.IN,4.3E+06,4.4E+06,4.4E+06,4.5E+06,4.6E+06,4.6E+06,4.7E+06,4.7E+06,4.8E+06,4.8E+06,4.9E+06,5.0E+06,5.0E+06,5.1E+06,5.1E+06,5.2E+06,5.3E+06,5.3E+06,5.4E+06,5.4E+06,5.5E+06,5.5E+06,5.6E+06,5.6E+06
Early-demographic dividend,EAR,"Population, male",SP.POP.TOTL.MA.IN,1276676345,1300685911,1323905288,1346970372,1370569464,1393923629,1417308355,1440531716,1463465660,1486494444,1509381064,1532812344,1555746941,1578424649,1600139416,1622125898,1643460090,1663677575,1683420438,1703640510,1724145527,1741747529,1760877278,1780789311
East Asia & Pacific,EAS,"Population, male",SP.POP.TOTL.MA.IN,1037683535,1047105433,1055975685,1064391845,1072495148,1080512346,1088631838,1096895010,1105217954,1113157720,1121018981,1129227332,1138457553,1147542133,1156213600,1164370214,1172379602,1180394588,1187157051,1192965471,1197373461,1199703006,1201425454,1203196804
East Asia & Pacific (excluding high income),EAP,"Population, male",SP.POP.TOTL.MA.IN,922422192,931316640,939746668,947826116,955660556,963445146,971160164,978892367,986610104,994137103,1001651581,1009607681,1018544948,1027373928,1035761303,1043624296,1051317520,1059078090,1065570928,1071111969,1075525813,1078396813,1080388471,1081763112
East Asia & Pacific (IDA & IBRD countries),TEA,"Population, male",SP.POP.TOTL.MA.IN,910888873,919707141,928071783,936077624,943830071,951544531,959196244,966867763,974525283,981992282,989446946,997340495,1006212064,1014972303,1023287685,1031076673,1038696727,1046387351,1052815212,1058296705,1062655811,1065469808,1067401619,1068720709
Ecuador,ECU,"Population, male",SP.POP.TOTL.MA.IN,6.3E+06,6.5E+06,6.6E+06,6.7E+06,6.8E+06,6.9E+06,7.0E+06,7.2E+06,7.3E+06,7.4E+06,7.5E+06,7.7E+06,7.8E+06,7.9E+06,8.0E+06,8.1E+06,8.2E+06,8.4E+06,8.5E+06,8.7E+06,8.8E+06,8.8E+06,8.9E+06,9.0E+06
"Egypt, Arab Rep.",EGY,"Population, male",SP.POP.TOTL.MA.IN,3.7E+07,3.8E+07,3.9E+07,4.0E+07,4.0E+07,4.1E+07,4.2E+07,4.3E+07,4.3E+07,4.4E+07,4.5E+07,4.6E+07,4.7E+07,4.8E+07,4.9E+07,5.0E+07,5.1E+07,5.2E+07,5.3E+07,5.4E+07,5.5E+07,5.6E+07,5.7E+07,5.8E+07
El Salvador,SLV,"Population, male",SP.POP.TOTL.MA.IN,2.9E+06,2.9E+06,2.9E+06,2.9E+06,2.9E+06,2.9E+06,2.9E+06,2.9E+06,2.9E+06,2.9E+06,2.9E+06,2.9E+06,2.9E+06,2.9E+06,2.9E+06,2.9E+06,3.0E+06,3.0E+06,3.0E+06,3.0E+06,3.0E+06,3.0E+06,3.0E+06,3.0E+06
Equatorial Guinea,GNQ,"Population, male",SP.POP.TOTL.MA.IN,3.5E+05,3.8E+05,4.0E+05,4.3E+05,4.6E+05,4.9E+05,5.1E+05,5.4E+05,5.6E+05,5.9E+05,6.2E+05,6.5E+05,6.8E+05,7.1E+05,7.4E+05,7.7E+05,8.0E+05,8.3E+05,8.6E+05,8.8E+05,9.1E+05,9.3E+05,9.5E+05,9.7E+05
Eritrea,ERI,"Population, male",SP.POP.TOTL.MA.IN,1.1E+06,1.1E+06,1.2E+06,1.2E+06,1.3E+06,1.3E+06,1.3E+06,1.3E+06,1.4E+06,1.4E+06,1.4E+06,1.5E+06,1.5E+06,1.5E+06,1.5E+06,1.5E+06,1.5E+06,1.6E+06,1.6E+06,1.6E+06,1.6E+06,1.7E+06,1.7E+06,1.7E+06
Estonia,EST,"Population, male",SP.POP.TOTL.MA.IN,6.5E+05,6.5E+05,6.4E+05,6.4E+05,6.3E+05,6.3E+05,6.3E+05,6.2E+05,6.2E+05,6.2E+05,6.2E+05,6.2E+05,6.2E+05,6.2E+05,6.1E+05,6.2E+05,6.2E+05,6.2E+05,6.2E+05,6.3E+05,6.3E+05,6.3E+05,6.4E+05,6.5E+05
Eswatini,SWZ,"Population, male",SP.POP.TOTL.MA.IN,5.0E+05,5.1E+05,5.1E+05,5.1E+05,5.1E+05,5.2E+05,5.2E+05,5.2E+05,5.3E+05,5.3E+05,5.3E+05,5.4E+05,5.4E+05,5.5E+05,5.5E+05,5.6E+05,5.6E+05,5.7E+05,5.7E+05,5.8E+05,5.9E+05,5.9E+05,6.0E+05,6.0E+05
Ethiopia,ETH,"Population, male",SP.POP.TOTL.MA.IN,3.4E+07,3.5E+07,3.6E+07,3.7E+07,3.8E+07,3.9E+07,4.0E+07,4.2E+07,4.3E+07,4.4E+07,4.5E+07,4.7E+07,4.8E+07,4.9E+07,5.1E+07,5.2E+07,5.4E+07,5.5E+07,5.7E+07,5.8E+07,6.0E+07,6.1E+07,6.3E+07,6.4E+07
Euro area,EMU,"Population, male",SP.POP.TOTL.MA.IN,1.6E+08,1.6E+08,1.6E+08,1.6E+08,1.6E+08,1.6E+08,1.6E+08,1.6E+08,1.7E+08,1.7E+08,1.7E+08,1.7E+08,1.7E+08,1.7E+08,1.7E+08,1.7E+08,1.7E+08,1.7E+08,1.7E+08,1.7E+08,1.7E+08,1.7E+08,1.7E+08,1.7E+08
Europe & Central Asia,ECS,"Population, male",SP.POP.TOTL.MA.IN,4.2E+08,4.2E+08,4.2E+08,4.2E+08,4.2E+08,4.2E+08,4.2E+08,4.2E+08,4.3E+08,4.3E+08,4.3E+08,4.3E+08,4.3E+08,4.4E+08,4.4E+08,4.4E+08,4.4E+08,4.4E+08,4.5E+08,4.5E+08,4.5E+08,4.5E+08,4.5E+08,4.5E+08
Europe & Central Asia (excluding high income),ECA,"Population, male",SP.POP.TOTL.MA.IN,1.1E+08,1.1E+08,1.1E+08,1.1E+08,1.1E+08,1.1E+08,1.1E+08,1.1E+08,1.1E+08,1.1E+08,1.1E+08,1.1E+08,1.1E+08,1.1E+08,1.2E+08,1.2E+08,1.2E+08,1.2E+08,1.2E+08,1.2E+08,1.2E+08,1.2E+08,1.2E+08,1.2E+08
Europe & Central Asia (IDA & IBRD countries),TEC,"Population, male",SP.POP.TOTL.MA.IN,2.1E+08,2.1E+08,2.1E+08,2.1E+08,2.1E+08,2.1E+08,2.1E+08,2.1E+08,2.1E+08,2.1E+08,2.1E+08,2.1E+08,2.1E+08,2.2E+08,2.2E+08,2.2E+08,2.2E+08,2.2E+08,2.2E+08,2.2E+08,2.2E+08,2.2E+08,2.2E+08,2.2E+08
European Union,EUU,"Population, male",SP.POP.TOTL.MA.IN,2.1E+08,2.1E+08,2.1E+08,2.1E+08,2.1E+08,2.1E+08,2.1E+08,2.1E+08,2.1E+08,2.1E+08,2.1E+08,2.1E+08,2.2E+08,2.2E+08,2.2E+08,2.2E+08,2.2E+08,2.2E+08,2.2E+08,2.2E+08,2.2E+08,2.2E+08,2.2E+08,2.2E+08
Faroe Islands,FRO,"Population, male",SP.POP.TOTL.MA.IN,2.4E+04,2.4E+04,2.5E+04,2.5E+04,2.5E+04,2.5E+04,2.5E+04,2.5E+04,2.5E+04,2.5E+04,2.5E+04,2.5E+04,2.5E+04,2.5E+04,2.5E+04,2.5E+04,2.6E+04,2.6E+04,2.6E+04,2.7E+04,2.7E+04,2.8E+04,2.8E+04,2.8E+04
Fiji,FJI,"Population, male",SP.POP.TOTL.MA.IN,4.2E+05,4.3E+05,4.3E+05,4.4E+05,4.4E+05,4.5E+05,4.5E+05,4.5E+05,4.6E+05,4.6E+05,4.6E+05,4.6E+05,4.6E+05,4.6E+05,4.6E+05,4.6E+05,4.6E+05,4.6E+05,4.6E+05,4.6E+05,4.5E+05,4.6E+05,4.6E+05,4.6E+05
Finland,FIN,"Population, male",SP.POP.TOTL.MA.IN,2.5E+06,2.5E+06,2.5E+06,2.5E+06,2.6E+06,2.6E+06,2.6E+06,2.6E+06,2.6E+06,2.6E+06,2.6E+06,2.6E+06,2.7E+06,2.7E+06,2.7E+06,2.7E+06,2.7E+06,2.7E+06,2.7E+06,2.7E+06,2.7E+06,2.7E+06,2.7E+06,2.8E+06
Fragile and conflict affected situations,FCS,"Population, male",SP.POP.TOTL.MA.IN,3.1E+08,3.2E+08,3.2E+08,3.3E+08,3.4E+08,3.5E+08,3.6E+08,3.7E+08,3.8E+08,3.9E+08,3.9E+08,4.0E+08,4.1E+08,4.3E+08,4.4E+08,4.4E+08,4.5E+08,4.7E+08,4.8E+08,4.9E+08,5.0E+08,5.1E+08,5.2E+08,5.3E+08
France,FRA,"Population, male",SP.POP.TOTL.MA.IN,3.0E+07,3.0E+07,3.0E+07,3.0E+07,3.0E+07,3.1E+07,3.1E+07,3.1E+07,3.1E+07,3.1E+07,3.1E+07,3.2E+07,3.2E+07,3.2E+07,3.2E+07,3.2E+07,3.2E+07,3.2E+07,3.3E+07,3.3E+07,3.3E+07,3.3E+07,3.3E+07,3.3E+07
French Polynesia,PYF,"Population, male",SP.POP.TOTL.MA.IN,1.2E+05,1.2E+05,1.3E+05,1.3E+05,1.3E+05,1.3E+05,1.3E+05,1.4E+05,1.4E+05,1.4E+05,1.4E+05,1.4E+05,1.4E+05,1.4E+05,1.4E+05,1.4E+05,1.4E+05,1.4E+05,1.4E+05,1.4E+05,1.4E+05,1.4E+05,1.4E+05,1.4E+05
Gabon,GAB,"Population, male",SP.POP.TOTL.MA.IN,6.3E+05,6.5E+05,6.7E+05,6.9E+05,7.1E+05,7.3E+05,7.5E+05,7.8E+05,8.1E+05,8.4E+05,8.7E+05,9.0E+05,9.4E+05,9.7E+05,1.0E+06,1.0E+06,1.1E+06,1.1E+06,1.1E+06,1.2E+06,1.2E+06,1.2E+06,1.2E+06,1.3E+06
"Gambia, The",GMB,"Population, male",SP.POP.TOTL.MA.IN,7.2E+05,7.4E+05,7.6E+05,7.8E+05,8.0E+05,8.3E+05,8.5E+05,8.7E+05,9.0E+05,9.3E+05,9.6E+05,9.8E+05,1.0E+06,1.0E+06,1.1E+06,1.1E+06,1.1E+06,1.2E+06,1.2E+06,1.2E+06,1.3E+06,1.3E+06,1.3E+06,1.3E+06
Georgia,GEO,"Population, male",SP.POP.TOTL.MA.IN,1.9E+06,1.8E+06,1.8E+06,1.8E+06,1.8E+06,1.8E+06,1.8E+06,1.8E+06,1.8E+06,1.8E+06,1.8E+06,1.7E+06,1.7E+06,1.7E+06,1.7E+06,1.7E+06,1.7E+06,1.7E+06,1.7E+06,1.7E+06,1.7E+06,1.7E+06,1.7E+06,1.7E+06
Germany,DEU,"Population, male",SP.POP.TOTL.MA.IN,4.0E+07,4.0E+07,4.0E+07,4.0E+07,4.0E+07,4.0E+07,4.0E+07,4.0E+07,4.0E+07,4.0E+07,4.0E+07,3.9E+07,3.9E+07,4.0E+07,4.0E+07,4.0E+07,4.1E+07,4.1E+07,4.1E+07,4.1E+07,4.1E+07,4.1E+07,4.1E+07,4.1E+07
Ghana,GHA,"Population, male",SP.POP.TOTL.MA.IN,9.8E+06,1.0E+07,1.0E+07,1.1E+07,1.1E+07,1.1E+07,1.1E+07,1.2E+07,1.2E+07,1.2E+07,1.3E+07,1.3E+07,1.3E+07,1.4E+07,1.4E+07,1.4E+07,1.5E+07,1.5E+07,1.5E+07,1.6E+07,1.6E+07,1.6E+07,1.7E+07,1.7E+07
Gibraltar,GIB,"Population, male",SP.POP.TOTL.MA.IN,1.4E+04,1.4E+04,1.4E+04,1.4E+04,1.4E+04,1.5E+04,1.5E+04,1.5E+04,1.5E+04,1.5E+04,1.6E+04,1.6E+04,1.6E+04,1.6E+04,1.6E+04,1.7E+04,1.7E+04,1.7E+04,1.7E+04,1.8E+04,1.8E+04,1.8E+04,1.9E+04,1.9E+04
Greece,GRC,"Population, male",SP.POP.TOTL.MA.IN,5.3E+06,5.4E+06,5.4E+06,5.4E+06,5.4E+06,5.4E+06,5.4E+06,5.4E+06,5.4E+06,5.4E+06,5.4E+06,5.4E+06,5.4E+06,5.3E+06,5.3E+06,5.2E+06,5.2E+06,5.2E+06,5.2E+06,5.2E+06,5.2E+06,5.1E+06,5.1E+06,5.0E+06
Greenland,GRL,"Population, male",SP.POP.TOTL.MA.IN,3.0E+04,3.0E+04,3.0E+04,3.0E+04,3.0E+04,3.0E+04,3.0E+04,3.0E+04,3.0E+04,3.0E+04,3.0E+04,3.0E+04,3.0E+04,3.0E+04,3.0E+04,3.0E+04,3.0E+04,3.0E+04,3.0E+04,3.0E+04,3.0E+04,3.0E+04,3.0E+04,3.0E+04
Grenada,GRD,"Population, male",SP.POP.TOTL.MA.IN,5.4E+04,5.5E+04,5.5E+04,5.5E+04,5.5E+04,5.6E+04,5.6E+04,5.6E+04,5.6E+04,5.7E+04,5.7E+04,5.7E+04,5.7E+04,5.8E+04,5.8E+04,5.8E+04,5.8E+04,5.8E+04,5.8E+04,5.8E+04,5.9E+04,5.9E+04,5.9E+04,5.9E+04
Guam,GUM,"Population, male",SP.POP.TOTL.MA.IN,8.2E+04,8.2E+04,8.3E+04,8.3E+04,8.4E+04,8.4E+04,8.4E+04,8.5E+04,8.5E+04,8.5E+04,8.5E+04,8.5E+04,8.5E+04,8.5E+04,8.5E+04,8.4E+04,8.4E+04,8.3E+04,8.3E+04,8.2E+04,8.2E+04,8.3E+04,8.4E+04,8.4E+04
Guatemala,GTM,"Population, male",SP.POP.TOTL.MA.IN,5.8E+06,6.0E+06,6.1E+06,6.2E+06,6.4E+06,6.5E+06,6.6E+06,6.8E+06,6.9E+06,7.1E+06,7.2E+06,7.3E+06,7.5E+06,7.6E+06,7.8E+06,7.9E+06,8.1E+06,8.2E+06,8.4E+06,8.5E+06,8.6E+06,8.7E+06,8.9E+06,9.0E+06
Guinea,GIN,"Population, male",SP.POP.TOTL.MA.IN,4.2E+06,4.2E+06,4.3E+06,4.3E+06,4.4E+06,4.5E+06,4.6E+06,4.7E+06,4.8E+06,5.0E+06,5.1E+06,5.2E+06,5.4E+06,5.5E+06,5.6E+06,5.8E+06,5.9E+06,6.1E+06,6.3E+06,6.4E+06,6.6E+06,6.8E+06,6.9E+06,7.1E+06
Guinea-Bissau,GNB,"Population, male",SP.POP.TOTL.MA.IN,6.0E+05,6.1E+05,6.3E+05,6.4E+05,6.6E+05,6.7E+05,6.9E+05,7.1E+05,7.3E+05,7.5E+05,7.7E+05,7.9E+05,8.1E+05,8.3E+05,8.6E+05,8.8E+05,9.0E+05,9.2E+05,9.5E+05,9.7E+05,9.9E+05,1.0E+06,1.0E+06,1.1E+06
Guyana,GUY,"Population, male",SP.POP.TOTL.MA.IN,3.8E+05,3.8E+05,3.8E+05,3.8E+05,3.8E+05,3.8E+05,3.8E+05,3.8E+05,3.8E+05,3.7E+05,3.7E+05,3.7E+05,3.7E+05,3.7E+05,3.7E+05,3.7E+05,3.7E+05,3.7E+05,3.9E+05,4.0E+05,3.9E+05,4.0E+05,4.0E+05,4.0E+05
Haiti,HTI,"Population, male",SP.POP.TOTL.MA.IN,4.1E+06,4.2E+06,4.3E+06,4.4E+06,4.4E+06,4.5E+06,4.6E+06,4.7E+06,4.7E+06,4.8E+06,4.9E+06,4.9E+06,5.0E+06,5.1E+06,5.2E+06,5.2E+06,5.3E+06,5.4E+06,5.4E+06,5.5E+06,5.6E+06,5.6E+06,5.7E+06,5.8E+06
Heavily indebted poor countries (HIPC),HPC,"Population, male",SP.POP.TOTL.MA.IN,2.4E+08,2.5E+08,2.5E+08,2.6E+08,2.7E+08,2.8E+08,2.8E+08,2.9E+08,3.0E+08,3.1E+08,3.2E+08,3.3E+08,3.4E+08,3.5E+08,3.6E+08,3.7E+08,3.8E+08,3.9E+08,4.0E+08,4.1E+08,4.2E+08,4.3E+08,4.5E+08,4.6E+08
High income,HIC,"Population, male",SP.POP.TOTL.MA.IN,6.1E+08,6.2E+08,6.2E+08,6.2E+08,6.3E+08,6.3E+08,6.4E+08,6.4E+08,6.5E+08,6.5E+08,6.5E+08,6.6E+08,6.6E+08,6.6E+08,6.7E+08,6.7E+08,6.8E+08,6.8E+08,6.8E+08,6.9E+08,6.9E+08,6.9E+08,6.9E+08,7.0E+08
Honduras,HND,"Population, male",SP.POP.TOTL.MA.IN,3.3E+06,3.4E+06,3.5E+06,3.6E+06,3.7E+06,3.8E+06,3.9E+06,4.0E+06,4.0E+06,4.1E+06,4.2E+06,4.3E+06,4.4E+06,4.5E+06,4.6E+06,4.7E+06,4.7E+06,4.8E+06,4.9E+06,5.0E+06,5.1E+06,5.2E+06,5.3E+06,5.4E+06
"Hong Kong SAR, China",HKG,"Population, male",SP.POP.TOTL.MA.IN,3.2E+06,3.3E+06,3.3E+06,3.2E+06,3.2E+06,3.2E+06,3.2E+06,3.3E+06,3.3E+06,3.3E+06,3.3E+06,3.3E+06,3.3E+06,3.3E+06,3.3E+06,3.3E+06,3.3E+06,3.4E+06,3.4E+06,3.4E+06,3.4E+06,3.3E+06,3.3E+06,3.4E+06
Hungary,HUN,"Population, male",SP.POP.TOTL.MA.IN,4.9E+06,4.8E+06,4.8E+06,4.8E+06,4.8E+06,4.8E+06,4.8E+06,4.8E+06,4.8E+06,4.8E+06,4.8E+06,4.7E+06,4.7E+06,4.7E+06,4.7E+06,4.7E+06,4.7E+06,4.7E+06,4.7E+06,4.7E+06,4.7E+06,4.7E+06,4.6E+06,4.6E+06
IBRD only,IBD,"Population, male",SP.POP.TOTL.MA.IN,2012198538,2036518000,2060008974,2083246451,2106706224,2129886914,2152673374,2174635206,2197003138,2219865818,2242953707,2266631871,2291523499,2316889502,2341541429,2364848594,2387299796,2409324854,2429819399,2448707472,2465059133,2477640558,2488465699,2499793908
Iceland,ISL,"Population, male",SP.POP.TOTL.MA.IN,1.4E+05,1.4E+05,1.4E+05,1.4E+05,1.5E+05,1.5E+05,1.5E+05,1.6E+05,1.6E+05,1.6E+05,1.6E+05,1.6E+05,1.6E+05,1.6E+05,1.6E+05,1.7E+05,1.7E+05,1.7E+05,1.8E+05,1.8E+05,1.9E+05,1.9E+05,2.0E+05,2.0E+05
IDA & IBRD total,IBT,"Population, male",SP.POP.TOTL.MA.IN,2580330433,2618588049,2656291077,2693986071,2732048178,2770082396,2808230983,2846054628,2884481315,2923559580,2963130803,3003507868,3044947024,3086053071,3126838716,3166605133,3206130907,3245926412,3284866442,3322850697,3358795440,3390998380,3421162619,3452054364
IDA blend,IDB,"Population, male",SP.POP.TOTL.MA.IN,1.9E+08,2.0E+08,2.0E+08,2.1E+08,2.1E+08,2.2E+08,2.2E+08,2.3E+08,2.3E+08,2.4E+08,2.5E+08,2.5E+08,2.6E+08,2.6E+08,2.7E+08,2.7E+08,2.8E+08,2.8E+08,2.9E+08,3.0E+08,3.0E+08,3.1E+08,3.1E+08,3.2E+08
IDA only,IDX,"Population, male",SP.POP.TOTL.MA.IN,3.8E+08,3.9E+08,4.0E+08,4.1E+08,4.1E+08,4.2E+08,4.3E+08,4.4E+08,4.5E+08,4.6E+08,4.7E+08,4.8E+08,5.0E+08,5.1E+08,5.2E+08,5.3E+08,5.4E+08,5.5E+08,5.6E+08,5.8E+08,5.9E+08,6.1E+08,6.2E+08,6.3E+08
IDA total,IDA,"Population, male",SP.POP.TOTL.MA.IN,568131895,582070049,596282103,610739620,625341954,640195482,655557609,671419422,687478177,703693762,720177096,736875997,753423525,769163569,785297287,801756539,818831111,836601558,855047043,874143225,893736307,913357822,932696920,952260456
India,IND,"Population, male",SP.POP.TOTL.MA.IN,5.5E+08,5.6E+08,5.7E+08,5.8E+08,5.9E+08,6.0E+08,6.1E+08,6.2E+08,6.2E+08,6.3E+08,6.4E+08,6.5E+08,6.6E+08,6.7E+08,6.8E+08,6.9E+08,6.9E+08,7.0E+08,7.1E+08,7.2E+08,7.2E+08,7.3E+08,7.4E+08,7.4E+08
Indonesia,IDN,"Population, male",SP.POP.TOTL.MA.IN,1.1E+08,1.1E+08,1.1E+08,1.1E+08,1.1E+08,1.2E+08,1.2E+08,1.2E+08,1.2E+08,1.2E+08,1.2E+08,1.3E+08,1.3E+08,1.3E+08,1.3E+08,1.3E+08,1.3E+08,1.3E+08,1.4E+08,1.4E+08,1.4E+08,1.4E+08,1.4E+08,1.4E+08
"Iran, Islamic Rep.",IRN,"Population, male",SP.POP.TOTL.MA.IN,3.4E+07,3.4E+07,3.4E+07,3.5E+07,3.6E+07,3.7E+07,3.8E+07,3.8E+07,3.9E+07,3.9E+07,4.0E+07,4.0E+07,4.0E+07,4.1E+07,4.2E+07,4.2E+07,4.3E+07,4.3E+07,4.4E+07,4.4E+07,4.5E+07,4.5E+07,4.6E+07,4.6E+07
Iraq,IRQ,"Population, male",SP.POP.TOTL.MA.IN,1.2E+07,1.3E+07,1.3E+07,1.3E+07,1.4E+07,1.4E+07,1.4E+07,1.4E+07,1.4E+07,1.5E+07,1.5E+07,1.6E+07,1.7E+07,1.8E+07,1.8E+07,1.9E+07,1.9E+07,2.0E+07,2.0E+07,2.1E+07,2.1E+07,2.2E+07,2.2E+07,2.3E+07
Ireland,IRL,"Population, male",SP.POP.TOTL.MA.IN,1.9E+06,1.9E+06,2.0E+06,2.0E+06,2.0E+06,2.1E+06,2.1E+06,2.2E+06,2.2E+06,2.3E+06,2.3E+06,2.3E+06,2.3E+06,2.3E+06,2.3E+06,2.3E+06,2.4E+06,2.4E+06,2.4E+06,2.4E+06,2.5E+06,2.5E+06,2.6E+06,2.6E+06
Isle of Man,IMN,"Population, male",SP.POP.TOTL.MA.IN,3.7E+04,3.7E+04,3.8E+04,3.8E+04,3.9E+04,3.9E+04,4.0E+04,4.0E+04,4.1E+04,4.1E+04,4.2E+04,4.2E+04,4.2E+04,4.2E+04,4.2E+04,4.1E+04,4.1E+04,4.1E+04,4.2E+04,4.2E+04,4.2E+04,4.2E+04,4.2E+04,4.2E+04
Israel,ISR,"Population, male",SP.POP.TOTL.MA.IN,3.1E+06,3.2E+06,3.2E+06,3.3E+06,3.4E+06,3.4E+06,3.5E+06,3.5E+06,3.6E+06,3.7E+06,3.8E+06,3.8E+06,3.9E+06,4.0E+06,4.1E+06,4.2E+06,4.2E+06,4.3E+06,4.4E+06,4.5E+06,4.6E+06,4.7E+06,4.8E+06,4.9E+06
Italy,ITA,"Population, male",SP.POP.TOTL.MA.IN,2.8E+07,2.8E+07,2.8E+07,2.8E+07,2.8E+07,2.8E+07,2.8E+07,2.8E+07,2.9E+07,2.9E+07,2.9E+07,2.9E+07,2.9E+07,2.9E+07,2.9E+07,2.9E+07,2.9E+07,2.9E+07,2.9E+07,2.9E+07,2.9E+07,2.9E+07,2.9E+07,2.9E+07
Jamaica,JAM,"Population, male",SP.POP.TOTL.MA.IN,1.3E+06,1.3E+06,1.3E+06,1.3E+06,1.3E+06,1.3E+06,1.3E+06,1.3E+06,1.4E+06,1.4E+06,1.4E+06,1.4E+06,1.4E+06,1.4E+06,1.4E+06,1.4E+06,1.4E+06,1.4E+06,1.4E+06,1.4E+06,1.4E+06,1.4E+06,1.4E+06,1.4E+06
Japan,JPN,"Population, male",SP.POP.TOTL.MA.IN,6.2E+07,6.3E+07,6.3E+07,6.3E+07,6.3E+07,6.3E+07,6.3E+07,6.3E+07,6.3E+07,6.3E+07,6.3E+07,6.3E+07,6.2E+07,6.2E+07,6.2E+07,6.2E+07,6.2E+07,6.2E+07,6.2E+07,6.2E+07,6.2E+07,6.1E+07,6.1E+07,6.1E+07
Jordan,JOR,"Population, male",SP.POP.TOTL.MA.IN,2.8E+06,2.9E+06,2.9E+06,3.0E+06,3.1E+06,3.1E+06,3.3E+06,3.5E+06,3.6E+06,3.7E+06,3.8E+06,3.9E+06,3.9E+06,4.1E+06,4.6E+06,5.0E+06,5.2E+06,5.3E+06,5.4E+06,5.5E+06,5.6E+06,5.7E+06,5.8E+06,5.9E+06
Kazakhstan,KAZ,"Population, male",SP.POP.TOTL.MA.IN,7.3E+06,7.4E+06,7.4E+06,7.5E+06,7.5E+06,7.6E+06,7.7E+06,7.7E+06,7.8E+06,7.9E+06,8.0E+06,8.2E+06,8.3E+06,8.4E+06,8.5E+06,8.7E+06,8.8E+06,9.0E+06,9.1E+06,9.3E+06,9.5E+06,9.6E+06,9.7E+06,9.9E+06
Kenya,KEN,"Population, male",SP.POP.TOTL.MA.IN,1.5E+07,1.6E+07,1.6E+07,1.7E+07,1.7E+07,1.8E+07,1.8E+07,1.9E+07,2.0E+07,2.0E+07,2.1E+07,2.1E+07,2.2E+07,2.2E+07,2.3E+07,2.3E+07,2.4E+07,2.4E+07,2.5E+07,2.5E+07,2.6E+07,2.6E+07,2.7E+07,2.8E+07
Kiribati,KIR,"Population, male",SP.POP.TOTL.MA.IN,4.3E+04,4.4E+04,4.5E+04,4.6E+04,4.7E+04,4.8E+04,4.9E+04,5.0E+04,5.1E+04,5.2E+04,5.3E+04,5.4E+04,5.5E+04,5.5E+04,5.6E+04,5.6E+04,5.7E+04,5.8E+04,5.9E+04,6.0E+04,6.1E+04,6.2E+04,6.3E+04,6.4E+04
"Korea, Dem. People's Rep.",PRK,"Population, male",SP.POP.TOTL.MA.IN,1.2E+07,1.2E+07,1.2E+07,1.2E+07,1.2E+07,1.2E+07,1.2E+07,1.2E+07,1.2E+07,1.2E+07,1.2E+07,1.2E+07,1.2E+07,1.2E+07,1.2E+07,1.3E+07,1.3E+07,1.3E+07,1.3E+07,1.3E+07,1.3E+07,1.3E+07,1.3E+07,1.3E+07
"Korea, Rep.",KOR,"Population, male",SP.POP.TOTL.MA.IN,2.4E+07,2.4E+07,2.4E+07,2.4E+07,2.4E+07,2.5E+07,2.5E+07,2.5E+07,2.5E+07,2.5E+07,2.5E+07,2.5E+07,2.5E+07,2.5E+07,2.6E+07,2.6E+07,2.6E+07,2.6E+07,2.6E+07,2.6E+07,2.6E+07,2.6E+07,2.6E+07,2.6E+07
Kosovo,XKX,"Population, male",SP.POP.TOTL.MA.IN,9.1E+05,9.2E+05,9.2E+05,9.2E+05,9.1E+05,9.1E+05,9.0E+05,9.0E+05,8.9E+05,8.9E+05,8.8E+05,8.8E+05,8.9E+05,8.9E+05,8.9E+05,8.8E+05,8.7E+05,8.8E+05,8.8E+05,8.8E+05,8.8E+05,8.8E+05,8.7E+05,8.6E+05
Kuwait,KWT,"Population, male",SP.POP.TOTL.MA.IN,1.1E+06,1.2E+06,1.2E+06,1.2E+06,1.3E+06,1.3E+06,1.4E+06,1.5E+06,1.5E+06,1.6E+06,1.7E+06,1.8E+06,1.9E+06,2.0E+06,2.1E+06,2.3E+06,2.4E+06,2.5E+06,2.7E+06,2.7E+06,2.7E+06,2.6E+06,2.8E+06,3.0E+06
Kyrgyz Republic,KGZ,"Population, male",SP.POP.TOTL.MA.IN,2.3E+06,2.4E+06,2.4E+06,2.4E+06,2.5E+06,2.5E+06,2.5E+06,2.6E+06,2.6E+06,2.7E+06,2.7E+06,2.7E+06,2.8E+06,2.9E+06,2.9E+06,3.0E+06,3.1E+06,3.1E+06,3.2E+06,3.3E+06,3.3E+06,3.4E+06,3.4E+06,3.5E+06
Lao PDR,LAO,"Population, male",SP.POP.TOTL.MA.IN,2.7E+06,2.8E+06,2.8E+06,2.9E+06,2.9E+06,3.0E+06,3.0E+06,3.0E+06,3.1E+06,3.1E+06,3.2E+06,3.2E+06,3.3E+06,3.3E+06,3.4E+06,3.4E+06,3.5E+06,3.5E+06,3.6E+06,3.6E+06,3.7E+06,3.7E+06,3.8E+06,3.9E+06
Late-demographic dividend,LTE,"Population, male",SP.POP.TOTL.MA.IN,1027257134,1034884050,1041988320,1048854853,1055577390,1062266896,1069172053,1076335327,1083569550,1090374091,1096599285,1103710316,1112149668,1120306878,1128618807,1136335709,1143871050,1151421392,1157570526,1162587757,1165990017,1167169933,1168629784,1169371901
Latin America & Caribbean,LCN,"Population, male",SP.POP.TOTL.MA.IN,2.6E+08,2.6E+08,2.6E+08,2.7E+08,2.7E+08,2.7E+08,2.8E+08,2.8E+08,2.8E+08,2.9E+08,2.9E+08,2.9E+08,3.0E+08,3.0E+08,3.0E+08,3.1E+08,3.1E+08,3.1E+08,3.1E+08,3.2E+08,3.2E+08,3.2E+08,3.2E+08,3.2E+08
Latin America & Caribbean (excluding high income),LAC,"Population, male",SP.POP.TOTL.MA.IN,2.3E+08,2.3E+08,2.4E+08,2.4E+08,2.4E+08,2.5E+08,2.5E+08,2.5E+08,2.6E+08,2.6E+08,2.6E+08,2.6E+08,2.7E+08,2.7E+08,2.7E+08,2.7E+08,2.8E+08,2.8E+08,2.8E+08,2.9E+08,2.9E+08,2.9E+08,2.9E+08,2.9E+08
Latin America & the Caribbean (IDA & IBRD countries),TLA,"Population, male",SP.POP.TOTL.MA.IN,2.5E+08,2.5E+08,2.6E+08,2.6E+08,2.6E+08,2.7E+08,2.7E+08,2.7E+08,2.8E+08,2.8E+08,2.8E+08,2.9E+08,2.9E+08,2.9E+08,2.9E+08,3.0E+08,3.0E+08,3.0E+08,3.1E+08,3.1E+08,3.1E+08,3.1E+08,3.1E+08,3.2E+08
Latvia,LVA,"Population, male",SP.POP.TOTL.MA.IN,1.1E+06,1.1E+06,1.1E+06,1.0E+06,1.0E+06,1.0E+06,1.0E+06,1.0E+06,1.0E+06,9.8E+05,9.6E+05,9.4E+05,9.3E+05,9.2E+05,9.1E+05,9.1E+05,9.0E+05,8.9E+05,8.9E+05,8.8E+05,8.8E+05,8.7E+05,8.7E+05,8.7E+05
Least developed countries: UN classification,LDC,"Population, male",SP.POP.TOTL.MA.IN,3.4E+08,3.4E+08,3.5E+08,3.6E+08,3.7E+08,3.8E+08,3.9E+08,4.0E+08,4.1E+08,4.2E+08,4.2E+08,4.3E+08,4.5E+08,4.6E+08,4.7E+08,4.8E+08,4.9E+08,5.0E+08,5.1E+08,5.3E+08,5.4E+08,5.5E+08,5.6E+08,5.8E+08
Lebanon,LBN,"Population, male",SP.POP.TOTL.MA.IN,2.1E+06,2.2E+06,2.2E+06,2.2E+06,2.3E+06,2.3E+06,2.4E+06,2.4E+06,2.4E+06,2.5E+06,2.5E+06,2.5E+06,2.6E+06,2.9E+06,3.2E+06,3.2E+06,3.1E+06,3.0E+06,2.9E+06,2.8E+06,2.8E+06,2.8E+06,2.8E+06,2.8E+06
Lesotho,LSO,"Population, male",SP.POP.TOTL.MA.IN,9.7E+05,9.7E+05,9.7E+05,9.7E+05,9.6E+05,9.5E+05,9.5E+05,9.5E+05,9.6E+05,9.6E+05,9.7E+05,9.8E+05,9.9E+05,1.0E+06,1.0E+06,1.0E+06,1.0E+06,1.0E+06,1.1E+06,1.1E+06,1.1E+06,1.1E+06,1.1E+06,1.1E+06
Liberia,LBR,"Population, male",SP.POP.TOTL.MA.IN,1.5E+06,1.5E+06,1.5E+06,1.5E+06,1.6E+06,1.6E+06,1.7E+06,1.8E+06,1.9E+06,2.0E+06,2.0E+06,2.1E+06,2.2E+06,2.2E+06,2.3E+06,2.3E+06,2.4E+06,2.4E+06,2.5E+06,2.5E+06,2.6E+06,2.6E+06,2.7E+06,2.7E+06
Libya,LBY,"Population, male",SP.POP.TOTL.MA.IN,2.8E+06,2.9E+06,2.9E+06,2.9E+06,3.0E+06,3.0E+06,3.1E+06,3.1E+06,3.2E+06,3.3E+06,3.3E+06,3.3E+06,3.2E+06,3.2E+06,3.3E+06,3.3E+06,3.4E+06,3.4E+06,3.5E+06,3.5E+06,3.6E+06,3.6E+06,3.7E+06,3.7E+06
Liechtenstein,LIE,"Population, male",SP.POP.TOTL.MA.IN,1.6E+04,1.6E+04,1.7E+04,1.7E+04,1.7E+04,1.7E+04,1.7E+04,1.7E+04,1.8E+04,1.8E+04,1.8E+04,1.8E+04,1.8E+04,1.8E+04,1.8E+04,1.9E+04,1.9E+04,1.9E+04,1.9E+04,1.9E+04,1.9E+04,1.9E+04,2.0E+04,2.0E+04
Lithuania,LTU,"Population, male",SP.POP.TOTL.MA.IN,1.6E+06,1.6E+06,1.6E+06,1.6E+06,1.6E+06,1.5E+06,1.5E+06,1.5E+06,1.5E+06,1.5E+06,1.4E+06,1.4E+06,1.4E+06,1.4E+06,1.4E+06,1.3E+06,1.3E+06,1.3E+06,1.3E+06,1.3E+06,1.3E+06,1.3E+06,1.3E+06,1.4E+06
Low & middle income,LMY,"Population, male",SP.POP.TOTL.MA.IN,2470568991,2509325681,2547510674,2585515068,2623854965,2662172578,2700519037,2738484033,2776951506,2815957588,2855408325,2895470783,2936563196,2977318749,3017767960,3057245413,3096542107,3136301800,3175540072,3213926034,3250324399,3283438912,3314105898,3345347233
Low income,LIC,"Population, male",SP.POP.TOTL.MA.IN,1.9E+08,2.0E+08,2.0E+08,2.1E+08,2.2E+08,2.2E+08,2.3E+08,2.4E+08,2.4E+08,2.5E+08,2.6E+08,2.7E+08,2.7E+08,2.8E+08,2.9E+08,2.9E+08,3.0E+08,3.1E+08,3.2E+08,3.3E+08,3.4E+08,3.5E+08,3.6E+08,3.7E+08
Lower middle income,LMC,"Population, male",SP.POP.TOTL.MA.IN,1083724571,1105549681,1126781436,1147757622,1168945985,1189866178,1210813695,1232158093,1253364338,1274719537,1296493683,1318342825,1340080448,1361556990,1383240490,1404197997,1424956952,1445659859,1466048978,1486160916,1506106356,1524959174,1543300502,1562258417
Luxembourg,LUX,"Population, male",SP.POP.TOTL.MA.IN,2.2E+05,2.2E+05,2.2E+05,2.2E+05,2.3E+05,2.3E+05,2.3E+05,2.4E+05,2.4E+05,2.5E+05,2.5E+05,2.6E+05,2.7E+05,2.7E+05,2.8E+05,2.9E+05,2.9E+05,3.0E+05,3.1E+05,3.1E+05,3.2E+05,3.2E+05,3.3E+05,3.4E+05
"Macao SAR, China",MAC,"Population, male",SP.POP.TOTL.MA.IN,2.1E+05,2.1E+05,2.1E+05,2.1E+05,2.2E+05,2.3E+05,2.4E+05,2.5E+05,2.6E+05,2.5E+05,2.6E+05,2.6E+05,2.7E+05,2.8E+05,2.9E+05,3.0E+05,3.1E+05,3.0E+05,3.1E+05,3.1E+05,3.2E+05,3.2E+05,3.1E+05,3.1E+05
Madagascar,MDG,"Population, male",SP.POP.TOTL.MA.IN,8.3E+06,8.5E+06,8.8E+06,9.1E+06,9.3E+06,9.6E+06,9.9E+06,1.0E+07,1.0E+07,1.1E+07,1.1E+07,1.1E+07,1.2E+07,1.2E+07,1.2E+07,1.3E+07,1.3E+07,1.3E+07,1.4E+07,1.4E+07,1.5E+07,1.5E+07,1.5E+07,1.6E+07
Malawi,MWI,"Population, male",SP.POP.TOTL.MA.IN,5.5E+06,5.6E+06,5.8E+06,5.9E+06,6.1E+06,6.2E+06,6.4E+06,6.6E+06,6.8E+06,7.0E+06,7.2E+06,7.4E+06,7.6E+06,7.9E+06,8.1E+06,8.3E+06,8.5E+06,8.8E+06,9.0E+06,9.3E+06,9.5E+06,9.8E+06,1.0E+07,1.0E+07
Malaysia,MYS,"Population, male",SP.POP.TOTL.MA.IN,1.2E+07,1.2E+07,1.2E+07,1.3E+07,1.3E+07,1.3E+07,1.4E+07,1.4E+07,1.4E+07,1.5E+07,1.5E+07,1.5E+07,1.5E+07,1.6E+07,1.6E+07,1.6E+07,1.7E+07,1.7E+07,1.7E+07,1.8E+07,1.8E+07,1.8E+07,1.8E+07,1.8E+07
Maldives,MDV,"Population, male",SP.POP.TOTL.MA.IN,1.5E+05,1.5E+05,1.5E+05,1.6E+05,1.6E+05,1.6E+05,1.7E+05,1.7E+05,1.8E+05,1.9E+05,2.0E+05,2.1E+05,2.2E+05,2.3E+05,2.4E+05,2.5E+05,2.6E+05,2.8E+05,2.9E+05,3.0E+05,3.1E+05,3.2E+05,3.3E+05,3.3E+05
Mali,MLI,"Population, male",SP.POP.TOTL.MA.IN,5.8E+06,6.0E+06,6.2E+06,6.4E+06,6.6E+06,6.8E+06,7.1E+06,7.3E+06,7.5E+06,7.8E+06,8.0E+06,8.3E+06,8.6E+06,8.8E+06,9.1E+06,9.4E+06,9.7E+06,1.0E+07,1.0E+07,1.1E+07,1.1E+07,1.1E+07,1.2E+07,1.2E+07
Malta,MLT,"Population, male",SP.POP.TOTL.MA.IN,1.9E+05,1.9E+05,2.0E+05,2.0E+05,2.0E+05,2.0E+05,2.0E+05,2.0E+05,2.0E+05,2.0E+05,2.1E+05,2.1E+05,2.1E+05,2.1E+05,2.2E+05,2.2E+05,2.3E+05,2.4E+05,2.5E+05,2.6E+05,2.7E+05,2.7E+05,2.8E+05,2.9E+05
Marshall Islands,MHL,"Population, male",SP.POP.TOTL.MA.IN,2.6E+04,2.6E+04,2.6E+04,2.6E+04,2.7E+04,2.7E+04,2.7E+04,2.7E+04,2.7E+04,2.7E+04,2.7E+04,2.7E+04,2.6E+04,2.6E+04,2.6E+04,2.5E+04,2.4E+04,2.4E+04,2.3E+04,2.3E+04,2.2E+04,2.1E+04,2.1E+04,2.0E+04
Mauritania,MRT,"Population, male",SP.POP.TOTL.MA.IN,1.3E+06,1.3E+06,1.4E+06,1.4E+06,1.4E+06,1.5E+06,1.5E+06,1.5E+06,1.6E+06,1.6E+06,1.7E+06,1.7E+06,1.8E+06,1.8E+06,1.9E+06,1.9E+06,2.0E+06,2.1E+06,2.1E+06,2.2E+06,2.3E+06,2.3E+06,2.4E+06,2.5E+06
Mauritius,MUS,"Population, male",SP.POP.TOTL.MA.IN,6.0E+05,6.0E+05,6.1E+05,6.1E+05,6.2E+05,6.2E+05,6.2E+05,6.2E+05,6.3E+05,6.3E+05,6.3E+05,6.3E+05,6.3E+05,6.3E+05,6.3E+05,6.3E+05,6.3E+05,6.3E+05,6.4E+05,6.4E+05,6.4E+05,6.3E+05,6.3E+05,6.3E+05
Mexico,MEX,"Population, male",SP.POP.TOTL.MA.IN,4.8E+07,4.9E+07,5.0E+07,5.0E+07,5.1E+07,5.2E+07,5.2E+07,5.3E+07,5.4E+07,5.5E+07,5.6E+07,5.6E+07,5.7E+07,5.8E+07,5.8E+07,5.9E+07,6.0E+07,6.0E+07,6.1E+07,6.1E+07,6.2E+07,6.2E+07,6.2E+07,6.3E+07
"Micronesia, Fed. Sts.",FSM,"Population, male",SP.POP.TOTL.MA.IN,5.6E+04,5.6E+04,5.6E+04,5.6E+04,5.6E+04,5.6E+04,5.5E+04,5.5E+04,5.4E+04,5.4E+04,5.4E+04,5.4E+04,5.4E+04,5.4E+04,5.4E+04,5.4E+04,5.4E+04,5.5E+04,5.5E+04,5.5E+04,5.5E+04,5.6E+04,5.6E+04,5.6E+04
Middle East & North Africa,MEA,"Population, male",SP.POP.TOTL.MA.IN,1.6E+08,1.7E+08,1.7E+08,1.7E+08,1.8E+08,1.8E+08,1.9E+08,1.9E+08,2.0E+08,2.0E+08,2.1E+08,2.1E+08,2.2E+08,2.2E+08,2.3E+08,2.3E+08,2.4E+08,2.4E+08,2.4E+08,2.5E+08,2.5E+08,2.5E+08,2.6E+08,2.6E+08
Middle East & North Africa (excluding high income),MNA,"Population, male",SP.POP.TOTL.MA.IN,1.5E+08,1.5E+08,1.5E+08,1.5E+08,1.6E+08,1.6E+08,1.6E+08,1.7E+08,1.7E+08,1.7E+08,1.8E+08,1.8E+08,1.8E+08,1.9E+08,1.9E+08,1.9E+08,2.0E+08,2.0E+08,2.0E+08,2.1E+08,2.1E+08,2.1E+08,2.2E+08,2.2E+08
Middle East & North Africa (IDA & IBRD countries),TMN,"Population, male",SP.POP.TOTL.MA.IN,1.4E+08,1.5E+08,1.5E+08,1.5E+08,1.6E+08,1.6E+08,1.6E+08,1.7E+08,1.7E+08,1.7E+08,1.8E+08,1.8E+08,1.8E+08,1.9E+08,1.9E+08,1.9E+08,2.0E+08,2.0E+08,2.0E+08,2.1E+08,2.1E+08,2.1E+08,2.2E+08,2.2E+08
Middle income,MIC,"Population, male",SP.POP.TOTL.MA.IN,2277039377,2310437247,2342643074,2374415675,2406571250,2438469681,2469986553,2501015686,2532521695,2564420203,2596617154,2629256776,2662986021,2696677171,2730080289,2762258996,2793711986,2825134245,2855573079,2884711917,2911711038,2935520342,2956887972,2978340620
Moldova,MDA,"Population, male",SP.POP.TOTL.MA.IN,1.4E+06,1.4E+06,1.3E+06,1.3E+06,1.3E+06,1.3E+06,1.3E+06,1.3E+06,1.3E+06,1.3E+06,1.3E+06,1.3E+06,1.3E+06,1.3E+06,1.3E+06,1.3E+06,1.3E+06,1.3E+06,1.3E+06,1.2E+06,1.2E+06,1.2E+06,1.2E+06,1.1E+06
Monaco,MCO,"Population, male",SP.POP.TOTL.MA.IN,1.6E+04,1.6E+04,1.6E+04,1.6E+04,1.6E+04,1.6E+04,1.6E+04,1.5E+04,1.5E+04,1.6E+04,1.6E+04,1.7E+04,1.7E+04,1.7E+04,1.8E+04,1.8E+04,1.8E+04,1.8E+04,1.9E+04,1.9E+04,1.9E+04,1.9E+04,1.9E+04,1.9E+04
Mongolia,MNG,"Population, male",SP.POP.TOTL.MA.IN,1.2E+06,1.2E+06,1.2E+06,1.2E+06,1.2E+06,1.3E+06,1.3E+06,1.3E+06,1.3E+06,1.3E+06,1.4E+06,1.4E+06,1.4E+06,1.4E+06,1.5E+06,1.5E+06,1.5E+06,1.6E+06,1.6E+06,1.6E+06,1.7E+06,1.7E+06,1.7E+06,1.7E+06
Montenegro,MNE,"Population, male",SP.POP.TOTL.MA.IN,2.9E+05,2.9E+05,2.9E+05,2.9E+05,2.9E+05,2.9E+05,2.9E+05,3.0E+05,3.0E+05,3.0E+05,3.0E+05,3.0E+05,3.0E+05,3.0E+05,3.0E+05,3.0E+05,3.0E+05,3.0E+05,3.0E+05,3.0E+05,3.0E+05,3.0E+05,3.0E+05,3.0E+05
Morocco,MAR,"Population, male",SP.POP.TOTL.MA.IN,1.4E+07,1.4E+07,1.5E+07,1.5E+07,1.5E+07,1.5E+07,1.5E+07,1.6E+07,1.6E+07,1.6E+07,1.6E+07,1.7E+07,1.7E+07,1.7E+07,1.7E+07,1.7E+07,1.8E+07,1.8E+07,1.8E+07,1.8E+07,1.8E+07,1.9E+07,1.9E+07,1.9E+07
Mozambique,MOZ,"Population, male",SP.POP.TOTL.MA.IN,8.8E+06,8.9E+06,9.1E+06,9.3E+06,9.6E+06,9.8E+06,1.0E+07,1.0E+07,1.0E+07,1.1E+07,1.1E+07,1.1E+07,1.2E+07,1.2E+07,1.2E+07,1.3E+07,1.3E+07,1.4E+07,1.4E+07,1.4E+07,1.5E+07,1.5E+07,1.6E+07,1.6E+07
Myanmar,MMR,"Population, male",SP.POP.TOTL.MA.IN,2.3E+07,2.3E+07,2.3E+07,2.3E+07,2.4E+07,2.4E+07,2.4E+07,2.4E+07,2.4E+07,2.4E+07,2.4E+07,2.5E+07,2.5E+07,2.5E+07,2.5E+07,2.5E+07,2.6E+07,2.6E+07,2.6E+07,2.6E+07,2.6E+07,2.7E+07,2.7E+07,2.7E+07
Namibia,NAM,"Population, male",SP.POP.TOTL.MA.IN,8.8E+05,9.0E+05,9.1E+05,9.3E+05,9.4E+05,9.5E+05,9.6E+05,9.8E+05,9.9E+05,1.0E+06,1.0E+06,1.0E+06,1.1E+06,1.1E+06,1.1E+06,1.2E+06,1.2E+06,1.2E+06,1.3E+06,1.3E+06,1.3E+06,1.4E+06,1.4E+06,1.4E+06
Nauru,NRU,"Population, male",SP.POP.TOTL.MA.IN,5.3E+03,5.2E+03,5.2E+03,5.2E+03,5.2E+03,5.2E+03,5.2E+03,5.1E+03,5.1E+03,5.1E+03,5.1E+03,5.2E+03,5.3E+03,5.4E+03,5.5E+03,5.6E+03,5.7E+03,5.8E+03,5.9E+03,5.9E+03,5.9E+03,6.0E+03,6.0E+03,6.0E+03
Nepal,NPL,"Population, male",SP.POP.TOTL.MA.IN,1.2E+07,1.3E+07,1.3E+07,1.3E+07,1.3E+07,1.3E+07,1.3E+07,1.3E+07,1.3E+07,1.3E+07,1.3E+07,1.3E+07,1.3E+07,1.3E+07,1.3E+07,1.3E+07,1.3E+07,1.3E+07,1.3E+07,1.4E+07,1.4E+07,1.4E+07,1.4E+07,1.4E+07
Netherlands,NLD,"Population, male",SP.POP.TOTL.MA.IN,7.9E+06,7.9E+06,8.0E+06,8.0E+06,8.0E+06,8.1E+06,8.1E+06,8.1E+06,8.1E+06,8.2E+06,8.2E+06,8.2E+06,8.3E+06,8.3E+06,8.3E+06,8.4E+06,8.4E+06,8.5E+06,8.5E+06,8.6E+06,8.7E+06,8.7E+06,8.8E+06,8.9E+06
New Caledonia,NCL,"Population, male",SP.POP.TOTL.MA.IN,1.1E+05,1.1E+05,1.2E+05,1.2E+05,1.2E+05,1.2E+05,1.2E+05,1.3E+05,1.3E+05,1.3E+05,1.3E+05,1.3E+05,1.4E+05,1.4E+05,1.4E+05,1.4E+05,1.4E+05,1.4E+05,1.4E+05,1.4E+05,1.4E+05,1.4E+05,1.4E+05,1.4E+05
New Zealand,NZL,"Population, male",SP.POP.TOTL.MA.IN,1.9E+06,1.9E+06,1.9E+06,2.0E+06,2.0E+06,2.0E+06,2.0E+06,2.1E+06,2.1E+06,2.1E+06,2.1E+06,2.1E+06,2.2E+06,2.2E+06,2.2E+06,2.3E+06,2.3E+06,2.4E+06,2.4E+06,2.5E+06,2.5E+06,2.5E+06,2.5E+06,2.6E+06
Nicaragua,NIC,"Population, male",SP.POP.TOTL.MA.IN,2.5E+06,2.5E+06,2.5E+06,2.6E+06,2.6E+06,2.6E+06,2.7E+06,2.7E+06,2.7E+06,2.8E+06,2.8E+06,2.9E+06,2.9E+06,2.9E+06,3.0E+06,3.0E+06,3.1E+06,3.1E+06,3.1E+06,3.2E+06,3.2E+06,3.3E+06,3.3E+06,3.4E+06
Niger,NER,"Population, male",SP.POP.TOTL.MA.IN,5.8E+06,6.0E+06,6.2E+06,6.5E+06,6.7E+06,7.0E+06,7.2E+06,7.5E+06,7.8E+06,8.1E+06,8.4E+06,8.7E+06,9.0E+06,9.4E+06,9.8E+06,1.0E+07,1.0E+07,1.1E+07,1.1E+07,1.2E+07,1.2E+07,1.2E+07,1.3E+07,1.3E+07
Nigeria,NGA,"Population, male",SP.POP.TOTL.MA.IN,6.3E+07,6.5E+07,6.7E+07,6.9E+07,7.1E+07,7.3E+07,7.5E+07,7.7E+07,7.9E+07,8.2E+07,8.4E+07,8.6E+07,8.9E+07,9.1E+07,9.4E+07,9.6E+07,9.9E+07,1.0E+08,1.0E+08,1.1E+08,1.1E+08,1.1E+08,1.1E+08,1.2E+08
North America,NAC,"Population, male",SP.POP.TOTL.MA.IN,1.6E+08,1.6E+08,1.6E+08,1.6E+08,1.6E+08,1.6E+08,1.6E+08,1.7E+08,1.7E+08,1.7E+08,1.7E+08,1.7E+08,1.7E+08,1.8E+08,1.8E+08,1.8E+08,1.8E+08,1.8E+08,1.8E+08,1.8E+08,1.9E+08,1.9E+08,1.9E+08,1.9E+08
North Macedonia,MKD,"Population, male",SP.POP.TOTL.MA.IN,9.9E+05,1.0E+06,9.9E+05,9.9E+05,9.9E+05,9.8E+05,9.8E+05,9.7E+05,9.7E+05,9.6E+05,9.6E+05,9.5E+05,9.5E+05,9.4E+05,9.4E+05,9.4E+05,9.3E+05,9.3E+05,9.2E+05,9.2E+05,9.0E+05,8.9E+05,8.9E+05,8.9E+05
Northern Mariana Islands,MNP,"Population, male",SP.POP.TOTL.MA.IN,3.2E+04,3.2E+04,3.2E+04,3.1E+04,3.1E+04,3.0E+04,3.0E+04,2.9E+04,2.9E+04,2.8E+04,2.8E+04,2.8E+04,2.8E+04,2.7E+04,2.7E+04,2.7E+04,2.7E+04,2.6E+04,2.6E+04,2.5E+04,2.5E+04,2.5E+04,2.4E+04,2.4E+04
Norway,NOR,"Population, male",SP.POP.TOTL.MA.IN,2.2E+06,2.2E+06,2.2E+06,2.3E+06,2.3E+06,2.3E+06,2.3E+06,2.3E+06,2.4E+06,2.4E+06,2.4E+06,2.5E+06,2.5E+06,2.6E+06,2.6E+06,2.6E+06,2.6E+06,2.7E+06,2.7E+06,2.7E+06,2.7E+06,2.7E+06,2.8E+06,2.8E+06
Not classified,INX,"Population, male",SP.POP.TOTL.MA.IN,,,,,,,,,,,,,,,,,,,,,,,,
OECD members,OED,"Population, male",SP.POP.TOTL.MA.IN,5.9E+08,6.0E+08,6.0E+08,6.1E+08,6.1E+08,6.1E+08,6.2E+08,6.2E+08,6.3E+08,6.3E+08,6.4E+08,6.4E+08,6.4E+08,6.5E+08,6.5E+08,6.6E+08,6.6E+08,6.7E+08,6.7E+08,6.7E+08,6.8E+08,6.8E+08,6.8E+08,6.8E+08
Oman,OMN,"Population, male",SP.POP.TOTL.MA.IN,1.3E+06,1.3E+06,1.4E+06,1.4E+06,1.4E+06,1.4E+06,1.5E+06,1.5E+06,1.5E+06,1.6E+06,1.6E+06,1.9E+06,2.3E+06,2.5E+06,2.6E+06,2.7E+06,2.9E+06,3.0E+06,3.0E+06,2.9E+06,2.8E+06,2.8E+06,2.9E+06,3.1E+06
Other small states,OSS,"Population, male",SP.POP.TOTL.MA.IN,5.2E+06,5.3E+06,5.5E+06,5.6E+06,5.7E+06,5.8E+06,5.9E+06,6.0E+06,6.1E+06,6.2E+06,6.3E+06,6.4E+06,6.4E+06,6.5E+06,6.6E+06,6.7E+06,6.9E+06,7.0E+06,7.1E+06,7.1E+06,7.2E+06,7.3E+06,7.4E+06,7.5E+06
Pacific island small states,PSS,"Population, male",SP.POP.TOTL.MA.IN,1.0E+06,1.1E+06,1.1E+06,1.1E+06,1.1E+06,1.1E+06,1.1E+06,1.1E+06,1.1E+06,1.1E+06,1.2E+06,1.2E+06,1.2E+06,1.2E+06,1.2E+06,1.2E+06,1.2E+06,1.3E+06,1.3E+06,1.3E+06,1.3E+06,1.3E+06,1.3E+06,1.3E+06
Pakistan,PAK,"Population, male",SP.POP.TOTL.MA.IN,8.0E+07,8.2E+07,8.4E+07,8.6E+07,8.8E+07,9.0E+07,9.2E+07,9.5E+07,9.7E+07,1.0E+08,1.0E+08,1.0E+08,1.1E+08,1.1E+08,1.1E+08,1.1E+08,1.1E+08,1.1E+08,1.2E+08,1.2E+08,1.2E+08,1.2E+08,1.2E+08,1.3E+08
Palau,PLW,"Population, male",SP.POP.TOTL.MA.IN,1.0E+04,1.1E+04,1.1E+04,1.1E+04,1.1E+04,1.1E+04,1.0E+04,1.0E+04,1.0E+04,1.0E+04,9.8E+03,9.6E+03,9.4E+03,9.3E+03,9.4E+03,9.5E+03,9.5E+03,9.6E+03,9.6E+03,9.6E+03,9.6E+03,9.6E+03,9.6E+03,9.6E+03
Panama,PAN,"Population, male",SP.POP.TOTL.MA.IN,1.5E+06,1.5E+06,1.6E+06,1.6E+06,1.6E+06,1.7E+06,1.7E+06,1.7E+06,1.8E+06,1.8E+06,1.8E+06,1.9E+06,1.9E+06,1.9E+06,1.9E+06,2.0E+06,2.0E+06,2.1E+06,2.1E+06,2.1E+06,2.1E+06,2.2E+06,2.2E+06,2.2E+06
Papua New Guinea,PNG,"Population, male",SP.POP.TOTL.MA.IN,2.9E+06,3.0E+06,3.1E+06,3.2E+06,3.3E+06,3.4E+06,3.5E+06,3.6E+06,3.7E+06,3.9E+06,4.0E+06,4.1E+06,4.2E+06,4.3E+06,4.4E+06,4.5E+06,4.6E+06,4.8E+06,4.9E+06,5.0E+06,5.1E+06,5.2E+06,5.3E+06,5.3E+06
Paraguay,PRY,"Population, male",SP.POP.TOTL.MA.IN,2.6E+06,2.6E+06,2.7E+06,2.7E+06,2.7E+06,2.8E+06,2.8E+06,2.8E+06,2.8E+06,2.9E+06,2.9E+06,2.9E+06,3.0E+06,3.0E+06,3.1E+06,3.1E+06,3.1E+06,3.2E+06,3.2E+06,3.3E+06,3.3E+06,3.4E+06,3.4E+06,3.4E+06
Peru,PER,"Population, male",SP.POP.TOTL.MA.IN,1.3E+07,1.3E+07,1.4E+07,1.4E+07,1.4E+07,1.4E+07,1.4E+07,1.4E+07,1.4E+07,1.4E+07,1.5E+07,1.5E+07,1.5E+07,1.5E+07,1.5E+07,1.5E+07,1.5E+07,1.6E+07,1.6E+07,1.6E+07,1.6E+07,1.6E+07,1.7E+07,1.7E+07
Philippines,PHL,"Population, male",SP.POP.TOTL.MA.IN,4.0E+07,4.1E+07,4.2E+07,4.3E+07,4.3E+07,4.4E+07,4.5E+07,4.6E+07,4.6E+07,4.7E+07,4.8E+07,4.9E+07,5.0E+07,5.1E+07,5.2E+07,5.3E+07,5.3E+07,5.4E+07,5.5E+07,5.5E+07,5.6E+07,5.6E+07,5.7E+07,5.7E+07
Poland,POL,"Population, male",SP.POP.TOTL.MA.IN,1.9E+07,1.9E+07,1.9E+07,1.8E+07,1.8E+07,1.8E+07,1.8E+07,1.8E+07,1.8E+07,1.8E+07,1.8E+07,1.8E+07,1.8E+07,1.8E+07,1.8E+07,1.8E+07,1.8E+07,1.8E+07,1.8E+07,1.8E+07,1.8E+07,1.8E+07,1.8E+07,1.8E+07
Portugal,PRT,"Population, male",SP.POP.TOTL.MA.IN,5.0E+06,5.0E+06,5.0E+06,5.0E+06,5.1E+06,5.1E+06,5.1E+06,5.1E+06,5.1E+06,5.1E+06,5.1E+06,5.0E+06,5.0E+06,5.0E+06,4.9E+06,4.9E+06,4.9E+06,4.9E+06,4.9E+06,4.9E+06,4.9E+06,4.9E+06,5.0E+06,5.0E+06
Post-demographic dividend,PST,"Population, male",SP.POP.TOTL.MA.IN,5.0E+08,5.0E+08,5.1E+08,5.1E+08,5.1E+08,5.1E+08,5.2E+08,5.2E+08,5.2E+08,5.3E+08,5.3E+08,5.3E+08,5.3E+08,5.4E+08,5.4E+08,5.4E+08,5.4E+08,5.5E+08,5.5E+08,5.5E+08,5.5E+08,5.5E+08,5.5E+08,5.5E+08
Pre-demographic dividend,PRE,"Population, male",SP.POP.TOTL.MA.IN,2.8E+08,2.9E+08,3.0E+08,3.1E+08,3.1E+08,3.2E+08,3.3E+08,3.4E+08,3.5E+08,3.6E+08,3.7E+08,3.9E+08,4.0E+08,4.1E+08,4.2E+08,4.3E+08,4.5E+08,4.6E+08,4.7E+08,4.9E+08,5.0E+08,5.1E+08,5.3E+08,5.4E+08
Puerto Rico,PRI,"Population, male",SP.POP.TOTL.MA.IN,1.8E+06,1.8E+06,1.8E+06,1.8E+06,1.8E+06,1.8E+06,1.8E+06,1.8E+06,1.8E+06,1.8E+06,1.8E+06,1.8E+06,1.7E+06,1.7E+06,1.7E+06,1.7E+06,1.6E+06,1.6E+06,1.5E+06,1.5E+06,1.6E+06,1.5E+06,1.5E+06,1.5E+06
Qatar,QAT,"Population, male",SP.POP.TOTL.MA.IN,4.4E+05,4.6E+05,4.9E+05,5.1E+05,5.3E+05,5.6E+05,7.0E+05,9.0E+05,1.1E+06,1.2E+06,1.2E+06,1.2E+06,1.3E+06,1.4E+06,1.6E+06,1.8E+06,1.9E+06,1.9E+06,1.9E+06,1.9E+06,2.0E+06,1.8E+06,1.9E+06,1.9E+06
Romania,ROU,"Population, male",SP.POP.TOTL.MA.IN,1.1E+07,1.1E+07,1.0E+07,1.0E+07,1.0E+07,1.0E+07,1.0E+07,1.0E+07,9.9E+06,9.8E+06,9.8E+06,9.7E+06,9.7E+06,9.6E+06,9.6E+06,9.6E+06,9.5E+06,9.5E+06,9.4E+06,9.4E+06,9.3E+06,9.3E+06,9.2E+06,9.2E+06
Russian Federation,RUS,"Population, male",SP.POP.TOTL.MA.IN,6.9E+07,6.8E+07,6.8E+07,6.7E+07,6.7E+07,6.7E+07,6.6E+07,6.6E+07,6.6E+07,6.6E+07,6.6E+07,6.6E+07,6.6E+07,6.7E+07,6.7E+07,6.7E+07,6.7E+07,6.7E+07,6.8E+07,6.8E+07,6.7E+07,6.7E+07,6.7E+07,6.7E+07
Rwanda,RWA,"Population, male",SP.POP.TOTL.MA.IN,3.9E+06,3.9E+06,4.0E+06,4.1E+06,4.2E+06,4.3E+06,4.5E+06,4.6E+06,4.7E+06,4.8E+06,5.0E+06,5.1E+06,5.2E+06,5.4E+06,5.5E+06,5.6E+06,5.8E+06,5.9E+06,6.1E+06,6.2E+06,6.4E+06,6.5E+06,6.6E+06,6.8E+06
Samoa,WSM,"Population, male",SP.POP.TOTL.MA.IN,9.4E+04,9.5E+04,9.5E+04,9.6E+04,9.6E+04,9.6E+04,9.6E+04,9.7E+04,9.7E+04,9.8E+04,9.9E+04,9.9E+04,1.0E+05,1.0E+05,1.0E+05,1.0E+05,1.0E+05,1.0E+05,1.0E+05,1.1E+05,1.1E+05,1.1E+05,1.1E+05,1.1E+05
San Marino,SMR,"Population, male",SP.POP.TOTL.MA.IN,1.3E+04,1.3E+04,1.3E+04,1.3E+04,1.4E+04,1.4E+04,1.5E+04,1.5E+04,1.5E+04,1.6E+04,1.6E+04,1.6E+04,1.6E+04,1.6E+04,1.6E+04,1.6E+04,1.6E+04,1.6E+04,1.7E+04,1.7E+04,1.7E+04,1.7E+04,1.7E+04,1.7E+04
Sao Tome and Principe,STP,"Population, male",SP.POP.TOTL.MA.IN,7.2E+04,7.3E+04,7.5E+04,7.6E+04,7.8E+04,8.0E+04,8.2E+04,8.4E+04,8.7E+04,8.9E+04,9.1E+04,9.2E+04,9.4E+04,9.6E+04,9.8E+04,1.0E+05,1.0E+05,1.0E+05,1.0E+05,1.1E+05,1.1E+05,1.1E+05,1.1E+05,1.1E+05
Saudi Arabia,SAU,"Population, male",SP.POP.TOTL.MA.IN,8.8E+06,9.5E+06,1.0E+07,1.1E+07,1.1E+07,1.2E+07,1.3E+07,1.3E+07,1.4E+07,1.5E+07,1.5E+07,1.5E+07,1.6E+07,1.7E+07,1.8E+07,1.9E+07,1.9E+07,1.9E+07,1.9E+07,1.8E+07,1.9E+07,1.9E+07,2.0E+07,2.0E+07
Senegal,SEN,"Population, male",SP.POP.TOTL.MA.IN,4.9E+06,5.0E+06,5.2E+06,5.3E+06,5.4E+06,5.6E+06,5.7E+06,5.8E+06,6.0E+06,6.1E+06,6.3E+06,6.4E+06,6.6E+06,6.8E+06,7.0E+06,7.3E+06,7.5E+06,7.8E+06,8.0E+06,8.3E+06,8.5E+06,8.7E+06,9.0E+06,9.2E+06
Serbia,SRB,"Population, male",SP.POP.TOTL.MA.IN,3.6E+06,3.6E+06,3.6E+06,3.5E+06,3.5E+06,3.5E+06,3.5E+06,3.5E+06,3.5E+06,3.5E+06,3.5E+06,3.4E+06,3.4E+06,3.4E+06,3.4E+06,3.4E+06,3.4E+06,3.3E+06,3.3E+06,3.3E+06,3.3E+06,3.3E+06,3.2E+06,3.1E+06
Seychelles,SYC,"Population, male",SP.POP.TOTL.MA.IN,4.1E+04,4.1E+04,4.3E+04,4.2E+04,4.2E+04,4.3E+04,4.4E+04,4.4E+04,4.5E+04,4.6E+04,4.7E+04,4.6E+04,4.7E+04,4.8E+04,4.9E+04,5.0E+04,5.1E+04,5.2E+04,5.3E+04,5.3E+04,5.4E+04,5.5E+04,6.6E+04,6.6E+04
Sierra Leone,SLE,"Population, male",SP.POP.TOTL.MA.IN,2.2E+06,2.3E+06,2.5E+06,2.6E+06,2.6E+06,2.7E+06,2.8E+06,2.8E+06,2.9E+06,3.0E+06,3.1E+06,3.2E+06,3.3E+06,3.3E+06,3.4E+06,3.5E+06,3.6E+06,3.7E+06,3.8E+06,3.9E+06,3.9E+06,4.0E+06,4.1E+06,4.2E+06
Singapore,SGP,"Population, male",SP.POP.TOTL.MA.IN,2.1E+06,2.1E+06,2.1E+06,2.1E+06,2.1E+06,2.2E+06,2.2E+06,2.4E+06,2.5E+06,2.6E+06,2.6E+06,2.7E+06,2.8E+06,2.8E+06,2.9E+06,2.9E+06,2.9E+06,2.9E+06,2.9E+06,2.9E+06,2.9E+06,2.8E+06,2.9E+06,3.1E+06
Sint Maarten (Dutch part),SXM,"Population, male",SP.POP.TOTL.MA.IN,1.5E+04,1.5E+04,1.5E+04,1.5E+04,1.5E+04,1.5E+04,1.6E+04,1.6E+04,1.6E+04,1.6E+04,1.6E+04,1.6E+04,1.7E+04,1.7E+04,1.8E+04,1.8E+04,1.8E+04,1.9E+04,1.9E+04,2.0E+04,2.0E+04,2.0E+04,2.1E+04,2.1E+04
Slovak Republic,SVK,"Population, male",SP.POP.TOTL.MA.IN,2.6E+06,2.6E+06,2.6E+06,2.6E+06,2.6E+06,2.6E+06,2.6E+06,2.6E+06,2.6E+06,2.6E+06,2.6E+06,2.6E+06,2.6E+06,2.6E+06,2.6E+06,2.6E+06,2.6E+06,2.7E+06,2.7E+06,2.7E+06,2.7E+06,2.7E+06,2.7E+06,2.6E+06
Slovenia,SVN,"Population, male",SP.POP.TOTL.MA.IN,9.7E+05,9.7E+05,9.8E+05,9.8E+05,9.8E+05,9.8E+05,9.8E+05,9.9E+05,1.0E+06,1.0E+06,1.0E+06,1.0E+06,1.0E+06,1.0E+06,1.0E+06,1.0E+06,1.0E+06,1.0E+06,1.0E+06,1.0E+06,1.1E+06,1.1E+06,1.1E+06,1.1E+06
Small states,SST,"Population, male",SP.POP.TOTL.MA.IN,7.6E+06,7.7E+06,7.9E+06,8.0E+06,8.1E+06,8.2E+06,8.4E+06,8.5E+06,8.6E+06,8.8E+06,8.9E+06,9.0E+06,9.1E+06,9.2E+06,9.3E+06,9.4E+06,9.6E+06,9.7E+06,9.9E+06,9.9E+06,1.0E+07,1.0E+07,1.0E+07,1.0E+07
Solomon Islands,SLB,"Population, male",SP.POP.TOTL.MA.IN,2.3E+05,2.3E+05,2.4E+05,2.4E+05,2.4E+05,2.5E+05,2.5E+05,2.6E+05,2.6E+05,2.7E+05,2.7E+05,2.8E+05,2.9E+05,3.0E+05,3.2E+05,3.3E+05,3.4E+05,3.5E+05,3.6E+05,3.7E+05,3.8E+05,3.9E+05,4.0E+05,4.1E+05
Somalia,SOM,"Population, male",SP.POP.TOTL.MA.IN,4.4E+06,4.6E+06,4.8E+06,5.0E+06,5.1E+06,5.3E+06,5.5E+06,5.7E+06,5.8E+06,6.0E+06,6.1E+06,6.2E+06,6.2E+06,6.4E+06,6.7E+06,6.9E+06,7.2E+06,7.5E+06,7.7E+06,8.0E+06,8.3E+06,8.7E+06,8.9E+06,9.2E+06
South Africa,ZAF,"Population, male",SP.POP.TOTL.MA.IN,2.2E+07,2.3E+07,2.3E+07,2.3E+07,2.3E+07,2.4E+07,2.4E+07,2.4E+07,2.5E+07,2.5E+07,2.5E+07,2.6E+07,2.6E+07,2.6E+07,2.7E+07,2.8E+07,2.8E+07,2.8E+07,2.8E+07,2.9E+07,2.9E+07,3.0E+07,3.0E+07,3.1E+07
South Asia,SAS,"Population, male",SP.POP.TOTL.MA.IN,728206094,742325253,756279225,769951217,783433688,796544204,809394455,821949930,834286132,846856347,859472242,871944806,884093480,895370181,906598746,917358543,928046077,938833827,949618877,960383409,971013827,980505207,989300438,998586424
South Asia (IDA & IBRD),TSA,"Population, male",SP.POP.TOTL.MA.IN,728206094,742325253,756279225,769951217,783433688,796544204,809394455,821949930,834286132,846856347,859472242,871944806,884093480,895370181,906598746,917358543,928046077,938833827,949618877,960383409,971013827,980505207,989300438,998586424
South Sudan,SSD,"Population, male",SP.POP.TOTL.MA.IN,2.9E+06,3.1E+06,3.2E+06,3.4E+06,3.5E+06,3.7E+06,3.9E+06,4.1E+06,4.3E+06,4.6E+06,4.8E+06,5.1E+06,5.3E+06,5.5E+06,5.6E+06,5.5E+06,5.3E+06,5.1E+06,5.0E+06,5.1E+06,5.3E+06,5.3E+06,5.4E+06,5.6E+06
Spain,ESP,"Population, male",SP.POP.TOTL.MA.IN,2.0E+07,2.0E+07,2.0E+07,2.1E+07,2.1E+07,2.2E+07,2.2E+07,2.2E+07,2.3E+07,2.3E+07,2.3E+07,2.3E+07,2.3E+07,2.3E+07,2.3E+07,2.3E+07,2.3E+07,2.3E+07,2.3E+07,2.3E+07,2.3E+07,2.3E+07,2.3E+07,2.4E+07
Sri Lanka,LKA,"Population, male",SP.POP.TOTL.MA.IN,9.6E+06,9.7E+06,9.8E+06,9.9E+06,9.9E+06,1.0E+07,1.0E+07,1.0E+07,1.0E+07,1.0E+07,1.0E+07,1.0E+07,1.0E+07,1.0E+07,1.0E+07,1.0E+07,1.0E+07,1.0E+07,1.0E+07,1.1E+07,1.1E+07,1.1E+07,1.1E+07,1.1E+07
St. Kitts and Nevis,KNA,"Population, male",SP.POP.TOTL.MA.IN,2.3E+04,2.3E+04,2.3E+04,2.3E+04,2.3E+04,2.3E+04,2.3E+04,2.3E+04,2.3E+04,2.3E+04,2.3E+04,2.3E+04,2.3E+04,2.3E+04,2.3E+04,2.3E+04,2.3E+04,2.3E+04,2.3E+04,2.3E+04,2.3E+04,2.2E+04,2.2E+04,2.2E+04
St. Lucia,LCA,"Population, male",SP.POP.TOTL.MA.IN,7.9E+04,8.0E+04,8.0E+04,8.1E+04,8.2E+04,8.2E+04,8.3E+04,8.4E+04,8.4E+04,8.5E+04,8.5E+04,8.6E+04,8.6E+04,8.7E+04,8.7E+04,8.7E+04,8.7E+04,8.8E+04,8.8E+04,8.8E+04,8.8E+04,8.8E+04,8.8E+04,8.9E+04
St. Martin (French part),MAF,"Population, male",SP.POP.TOTL.MA.IN,1.4E+04,1.5E+04,1.5E+04,1.5E+04,1.6E+04,1.6E+04,1.6E+04,1.7E+04,1.7E+04,1.7E+04,1.7E+04,1.7E+04,1.7E+04,1.8E+04,1.8E+04,1.8E+04,1.7E+04,1.7E+04,1.7E+04,1.6E+04,1.5E+04,1.4E+04,1.4E+04,1.3E+04
St. Vincent and the Grenadines,VCT,"Population, male",SP.POP.TOTL.MA.IN,5.8E+04,5.8E+04,5.8E+04,5.8E+04,5.8E+04,5.8E+04,5.8E+04,5.7E+04,5.7E+04,5.7E+04,5.7E+04,5.6E+04,5.6E+04,5.6E+04,5.5E+04,5.5E+04,5.5E+04,5.4E+04,5.4E+04,5.3E+04,5.3E+04,5.3E+04,5.2E+04,5.2E+04
Sub-Saharan Africa,SSF,"Population, male",SP.POP.TOTL.MA.IN,3.4E+08,3.5E+08,3.6E+08,3.7E+08,3.8E+08,3.9E+08,4.0E+08,4.1E+08,4.2E+08,4.3E+08,4.4E+08,4.6E+08,4.7E+08,4.8E+08,5.0E+08,5.1E+08,5.2E+08,5.4E+08,5.5E+08,5.7E+08,5.8E+08,6.0E+08,6.1E+08,6.3E+08
Sub-Saharan Africa (excluding high income),SSA,"Population, male",SP.POP.TOTL.MA.IN,3.4E+08,3.5E+08,3.6E+08,3.7E+08,3.8E+08,3.9E+08,4.0E+08,4.1E+08,4.2E+08,4.3E+08,4.4E+08,4.6E+08,4.7E+08,4.8E+08,5.0E+08,5.1E+08,5.2E+08,5.4E+08,5.5E+08,5.7E+08,5.8E+08,6.0E+08,6.1E+08,6.3E+08
Sub-Saharan Africa (IDA & IBRD countries),TSS,"Population, male",SP.POP.TOTL.MA.IN,3.4E+08,3.5E+08,3.6E+08,3.7E+08,3.8E+08,3.9E+08,4.0E+08,4.1E+08,4.2E+08,4.3E+08,4.4E+08,4.6E+08,4.7E+08,4.8E+08,5.0E+08,5.1E+08,5.2E+08,5.4E+08,5.5E+08,5.7E+08,5.8E+08,6.0E+08,6.1E+08,6.3E+08
Sudan,SDN,"Population, male",SP.POP.TOTL.MA.IN,1.4E+07,1.4E+07,1.5E+07,1.5E+07,1.5E+07,1.6E+07,1.6E+07,1.6E+07,1.7E+07,1.7E+07,1.8E+07,1.8E+07,1.8E+07,1.9E+07,1.9E+07,2.0E+07,2.0E+07,2.1E+07,2.2E+07,2.3E+07,2.3E+07,2.4E+07,2.5E+07,2.5E+07
Suriname,SUR,"Population, male",SP.POP.TOTL.MA.IN,2.4E+05,2.5E+05,2.5E+05,2.6E+05,2.6E+05,2.6E+05,2.7E+05,2.7E+05,2.7E+05,2.8E+05,2.8E+05,2.8E+05,2.8E+05,2.9E+05,2.9E+05,2.9E+05,3.0E+05,3.0E+05,3.0E+05,3.0E+05,3.1E+05,3.1E+05,3.1E+05,3.1E+05
Sweden,SWE,"Population, male",SP.POP.TOTL.MA.IN,4.4E+06,4.4E+06,4.4E+06,4.4E+06,4.5E+06,4.5E+06,4.5E+06,4.5E+06,4.6E+06,4.6E+06,4.7E+06,4.7E+06,4.7E+06,4.8E+06,4.8E+06,4.9E+06,5.0E+06,5.0E+06,5.1E+06,5.2E+06,5.2E+06,5.2E+06,5.3E+06,5.3E+06
Switzerland,CHE,"Population, male",SP.POP.TOTL.MA.IN,3.5E+06,3.5E+06,3.6E+06,3.6E+06,3.6E+06,3.6E+06,3.7E+06,3.7E+06,3.8E+06,3.8E+06,3.9E+06,3.9E+06,3.9E+06,4.0E+06,4.0E+06,4.1E+06,4.1E+06,4.2E+06,4.2E+06,4.3E+06,4.3E+06,4.3E+06,4.4E+06,4.4E+06
Syrian Arab Republic,SYR,"Population, male",SP.POP.TOTL.MA.IN,8.4E+06,8.6E+06,8.8E+06,9.0E+06,9.2E+06,9.5E+06,9.9E+06,1.1E+07,1.1E+07,1.1E+07,1.1E+07,1.2E+07,1.1E+07,1.1E+07,1.0E+07,9.8E+06,9.6E+06,9.6E+06,9.8E+06,1.0E+07,1.1E+07,1.1E+07,1.1E+07,1.2E+07
Tajikistan,TJK,"Population, male",SP.POP.TOTL.MA.IN,3.0E+06,3.1E+06,3.1E+06,3.2E+06,3.3E+06,3.3E+06,3.4E+06,3.5E+06,3.5E+06,3.6E+06,3.7E+06,3.8E+06,3.9E+06,4.0E+06,4.1E+06,4.2E+06,4.3E+06,4.4E+06,4.6E+06,4.7E+06,4.8E+06,4.9E+06,5.0E+06,5.1E+06
Tanzania,TZA,"Population, male",SP.POP.TOTL.MA.IN,1.7E+07,1.7E+07,1.8E+07,1.8E+07,1.9E+07,1.9E+07,2.0E+07,2.0E+07,2.1E+07,2.2E+07,2.2E+07,2.3E+07,2.3E+07,2.4E+07,2.5E+07,2.6E+07,2.7E+07,2.8E+07,2.8E+07,2.9E+07,3.0E+07,3.1E+07,3.2E+07,3.3E+07
Thailand,THA,"Population, male",SP.POP.TOTL.MA.IN,3.1E+07,3.2E+07,3.2E+07,3.2E+07,3.2E+07,3.3E+07,3.3E+07,3.3E+07,3.3E+07,3.4E+07,3.4E+07,3.4E+07,3.4E+07,3.4E+07,3.5E+07,3.5E+07,3.5E+07,3.5E+07,3.5E+07,3.5E+07,3.5E+07,3.5E+07,3.5E+07,3.5E+07
Timor-Leste,TLS,"Population, male",SP.POP.TOTL.MA.IN,3.8E+05,4.2E+05,4.5E+05,4.7E+05,4.8E+05,4.9E+05,5.0E+05,5.2E+05,5.3E+05,5.4E+05,5.6E+05,5.7E+05,5.8E+05,5.9E+05,6.0E+05,6.1E+05,6.2E+05,6.3E+05,6.5E+05,6.6E+05,6.7E+05,6.8E+05,6.9E+05,7.0E+05
Togo,TGO,"Population, male",SP.POP.TOTL.MA.IN,2.6E+06,2.6E+06,2.7E+06,2.8E+06,2.8E+06,2.9E+06,3.0E+06,3.1E+06,3.2E+06,3.3E+06,3.4E+06,3.5E+06,3.6E+06,3.7E+06,3.7E+06,3.8E+06,3.9E+06,4.0E+06,4.1E+06,4.3E+06,4.4E+06,4.5E+06,4.6E+06,4.7E+06
Tonga,TON,"Population, male",SP.POP.TOTL.MA.IN,5.2E+04,5.2E+04,5.2E+04,5.3E+04,5.3E+04,5.3E+04,5.4E+04,5.4E+04,5.4E+04,5.4E+04,5.4E+04,5.4E+04,5.4E+04,5.3E+04,5.3E+04,5.2E+04,5.2E+04,5.2E+04,5.2E+04,5.1E+04,5.1E+04,5.1E+04,5.0E+04,5.0E+04
Trinidad and Tobago,TTO,"Population, male",SP.POP.TOTL.MA.IN,6.5E+05,6.6E+05,6.6E+05,6.6E+05,6.7E+05,6.4E+05,6.4E+05,6.4E+05,6.5E+05,6.5E+05,6.5E+05,6.6E+05,6.6E+05,6.6E+05,6.6E+05,6.7E+05,6.7E+05,6.7E+05,6.7E+05,6.8E+05,6.8E+05,6.8E+05,6.8E+05,6.8E+05
Tunisia,TUN,"Population, male",SP.POP.TOTL.MA.IN,4.9E+06,5.0E+06,5.0E+06,5.1E+06,5.1E+06,5.2E+06,5.2E+06,5.2E+06,5.3E+06,5.3E+06,5.4E+06,5.4E+06,5.5E+06,5.6E+06,5.6E+06,5.7E+06,5.7E+06,5.8E+06,5.8E+06,5.9E+06,5.9E+06,6.0E+06,6.0E+06,6.0E+06
Turkiye,TUR,"Population, male",SP.POP.TOTL.MA.IN,3.3E+07,3.3E+07,3.4E+07,3.4E+07,3.4E+07,3.5E+07,3.5E+07,3.5E+07,3.6E+07,3.6E+07,3.7E+07,3.7E+07,3.8E+07,3.8E+07,3.9E+07,3.9E+07,4.0E+07,4.0E+07,4.1E+07,4.1E+07,4.2E+07,4.2E+07,4.2E+07,4.3E+07
Turkmenistan,TKM,"Population, male",SP.POP.TOTL.MA.IN,2.3E+06,2.3E+06,2.4E+06,2.4E+06,2.4E+06,2.5E+06,2.5E+06,2.6E+06,2.6E+06,2.7E+06,2.7E+06,2.8E+06,2.8E+06,2.9E+06,3.0E+06,3.0E+06,3.1E+06,3.2E+06,3.3E+06,3.3E+06,3.4E+06,3.5E+06,3.5E+06,3.6E+06
Turks and Caicos Islands,TCA,"Population, male",SP.POP.TOTL.MA.IN,9.7E+03,1.0E+04,1.1E+04,1.1E+04,1.2E+04,1.2E+04,1.3E+04,1.3E+04,1.4E+04,1.5E+04,1.5E+04,1.6E+04,1.6E+04,1.7E+04,1.8E+04,1.8E+04,1.9E+04,2.0E+04,2.1E+04,2.2E+04,2.2E+04,2.3E+04,2.3E+04,2.3E+04
Tuvalu,TUV,"Population, male",SP.POP.TOTL.MA.IN,4.7E+03,4.7E+03,4.8E+03,4.8E+03,4.9E+03,5.0E+03,5.0E+03,5.1E+03,5.2E+03,5.3E+03,5.4E+03,5.5E+03,5.6E+03,5.6E+03,5.6E+03,5.6E+03,5.6E+03,5.6E+03,5.5E+03,5.4E+03,5.3E+03,5.2E+03,5.1E+03,5.0E+03
Uganda,UGA,"Population, male",SP.POP.TOTL.MA.IN,1.2E+07,1.2E+07,1.3E+07,1.3E+07,1.3E+07,1.4E+07,1.4E+07,1.5E+07,1.5E+07,1.6E+07,1.6E+07,1.6E+07,1.7E+07,1.7E+07,1.8E+07,1.9E+07,1.9E+07,2.0E+07,2.1E+07,2.1E+07,2.2E+07,2.3E+07,2.3E+07,2.4E+07
Ukraine,UKR,"Population, male",SP.POP.TOTL.MA.IN,2.3E+07,2.3E+07,2.3E+07,2.2E+07,2.2E+07,2.2E+07,2.2E+07,2.2E+07,2.2E+07,2.2E+07,2.2E+07,2.2E+07,2.1E+07,2.1E+07,2.1E+07,2.1E+07,2.1E+07,2.1E+07,2.1E+07,2.1E+07,2.1E+07,2.1E+07,1.9E+07,1.8E+07
United Arab Emirates,ARE,"Population, male",SP.POP.TOTL.MA.IN,2.4E+06,2.6E+06,2.7E+06,2.9E+06,3.1E+06,3.2E+06,3.4E+06,3.9E+06,4.3E+06,4.5E+06,4.6E+06,4.7E+06,4.8E+06,5.0E+06,5.2E+06,5.5E+06,5.8E+06,6.0E+06,6.0E+06,6.1E+06,6.1E+06,6.1E+06,6.5E+06,6.7E+06
United Kingdom,GBR,"Population, male",SP.POP.TOTL.MA.IN,2.9E+07,2.9E+07,2.9E+07,2.9E+07,2.9E+07,2.9E+07,3.0E+07,3.0E+07,3.0E+07,3.0E+07,3.1E+07,3.1E+07,3.1E+07,3.1E+07,3.2E+07,3.2E+07,3.2E+07,3.2E+07,3.3E+07,3.3E+07,3.3E+07,3.3E+07,3.3E+07,3.4E+07
United States,USA,"Population, male",SP.POP.TOTL.MA.IN,1.4E+08,1.4E+08,1.4E+08,1.4E+08,1.5E+08,1.5E+08,1.5E+08,1.5E+08,1.5E+08,1.5E+08,1.5E+08,1.6E+08,1.6E+08,1.6E+08,1.6E+08,1.6E+08,1.6E+08,1.6E+08,1.6E+08,1.7E+08,1.7E+08,1.7E+08,1.7E+08,1.7E+08
Upper middle income,UMC,"Population, male",SP.POP.TOTL.MA.IN,1193314806,1204887566,1215861638,1226658053,1237625265,1248603503,1259172858,1268857593,1279157357,1289700666,1300123471,1310913951,1322905573,1335120181,1346839799,1358060999,1368755034,1379474386,1389524101,1398551001,1405604682,1410561168,1413587470,1416082203
Uruguay,URY,"Population, male",SP.POP.TOTL.MA.IN,1.6E+06,1.6E+06,1.6E+06,1.6E+06,1.6E+06,1.6E+06,1.6E+06,1.6E+06,1.6E+06,1.6E+06,1.6E+06,1.6E+06,1.6E+06,1.6E+06,1.6E+06,1.6E+06,1.6E+06,1.6E+06,1.6E+06,1.6E+06,1.6E+06,1.6E+06,1.6E+06,1.6E+06
Uzbekistan,UZB,"Population, male",SP.POP.TOTL.MA.IN,1.2E+07,1.3E+07,1.3E+07,1.3E+07,1.3E+07,1.3E+07,1.3E+07,1.4E+07,1.4E+07,1.4E+07,1.4E+07,1.4E+07,1.5E+07,1.5E+07,1.5E+07,1.5E+07,1.6E+07,1.6E+07,1.6E+07,1.7E+07,1.7E+07,1.7E+07,1.8E+07,1.8E+07
Vanuatu,VUT,"Population, male",SP.POP.TOTL.MA.IN,9.7E+04,1.0E+05,1.0E+05,1.0E+05,1.1E+05,1.1E+05,1.1E+05,1.1E+05,1.2E+05,1.2E+05,1.2E+05,1.2E+05,1.3E+05,1.3E+05,1.3E+05,1.4E+05,1.4E+05,1.4E+05,1.4E+05,1.5E+05,1.5E+05,1.5E+05,1.6E+05,1.6E+05
"Venezuela, RB",VEN,"Population, male",SP.POP.TOTL.MA.IN,1.2E+07,1.3E+07,1.3E+07,1.3E+07,1.3E+07,1.3E+07,1.4E+07,1.4E+07,1.4E+07,1.4E+07,1.4E+07,1.5E+07,1.5E+07,1.5E+07,1.5E+07,1.5E+07,1.5E+07,1.5E+07,1.5E+07,1.4E+07,1.4E+07,1.4E+07,1.4E+07,1.4E+07
Viet Nam,VNM,"Population, male",SP.POP.TOTL.MA.IN,3.8E+07,3.8E+07,3.9E+07,3.9E+07,3.9E+07,4.0E+07,4.0E+07,4.1E+07,4.1E+07,4.2E+07,4.3E+07,4.3E+07,4.4E+07,4.4E+07,4.5E+07,4.5E+07,4.6E+07,4.7E+07,4.7E+07,4.8E+07,4.8E+07,4.8E+07,4.9E+07,4.9E+07
Virgin Islands (U.S.),VIR,"Population, male",SP.POP.TOTL.MA.IN,5.2E+04,5.2E+04,5.2E+04,5.2E+04,5.2E+04,5.2E+04,5.2E+04,5.2E+04,5.2E+04,5.2E+04,5.2E+04,5.2E+04,5.2E+04,5.2E+04,5.2E+04,5.2E+04,5.2E+04,5.2E+04,5.2E+04,5.2E+04,5.1E+04,5.1E+04,5.1E+04,5.0E+04
West Bank and Gaza,PSE,"Population, male",SP.POP.TOTL.MA.IN,1.5E+06,1.5E+06,1.5E+06,1.6E+06,1.6E+06,1.7E+06,1.7E+06,1.7E+06,1.8E+06,1.8E+06,1.9E+06,1.9E+06,2.0E+06,2.0E+06,2.1E+06,2.1E+06,2.2E+06,2.2E+06,2.3E+06,2.3E+06,2.4E+06,2.4E+06,2.5E+06,2.6E+06
World,WLD,"Population, male",SP.POP.TOTL.MA.IN,3097334138,3139655974,3181429158,3223095683,3265252185,3307368059,3350067079,3393000888,3436545768,3479896507,3522389006,3565864733,3611551294,3657180755,3702103651,3746635769,3790687255,3833506214,3874480958,3914534413,3953765569,3985305103,4019207903,4054352036
"Yemen, Rep.",YEM,"Population, male",SP.POP.TOTL.MA.IN,9.9E+06,1.0E+07,1.1E+07,1.1E+07,1.1E+07,1.2E+07,1.2E+07,1.2E+07,1.3E+07,1.3E+07,1.4E+07,1.4E+07,1.4E+07,1.5E+07,1.5E+07,1.6E+07,1.6E+07,1.7E+07,1.7E+07,1.8E+07,1.8E+07,1.9E+07,1.9E+07,2.0E+07
Zambia,ZMB,"Population, male",SP.POP.TOTL.MA.IN,4.8E+06,5.0E+06,5.2E+06,5.3E+06,5.5E+06,5.7E+06,5.9E+06,6.2E+06,6.4E+06,6.6E+06,6.9E+06,7.1E+06,7.4E+06,7.6E+06,7.8E+06,8.1E+06,8.4E+06,8.6E+06,8.9E+06,9.2E+06,9.4E+06,9.7E+06,1.0E+07,1.0E+07
Zimbabwe,ZWE,"Population, male",SP.POP.TOTL.MA.IN,5.7E+06,5.7E+06,5.7E+06,5.8E+06,5.9E+06,5.9E+06,6.0E+06,6.1E+06,6.1E+06,6.2E+06,6.3E+06,6.4E+06,6.5E+06,6.6E+06,6.7E+06,6.8E+06,6.9E+06,7.0E+06,7.1E+06,7.2E+06,7.4E+06,7.5E+06,7.6E+06,7.8E+06
